BEGIN;

DELETE FROM recipe_ingredients;
DELETE FROM recipe_instructions;
DELETE FROM recipe_meal_types;
DELETE FROM recipes;
DELETE FROM ingredients;
DELETE FROM units;

INSERT INTO meal_types (id, name)
VALUES (uuid_generate_v4(), 'Deser');

INSERT INTO units (id, name, plurals)
VALUES ('b844e515-0fd3-41ab-8b01-be2ec7d941d8', 'g', '{"0":"g","1":"g","2":"g"}'),
       ('e2deee40-e66d-4497-9f75-6a65311fb511', 'ml', '{"0":"ml","1":"ml","2":"ml"}'),
       ('cf496dce-6431-4ee8-9ecb-581259c3f6f4', 'łyżeczka', '{"0":"łyżeczka","1":"łyżeczki","2":"łyżeczek"}'),
       ('40953637-ef45-4e7c-9f70-50ccc9dd2031', 'łyżka', '{"0":"łyżka","1":"łyżki","2":"łyżek"}'),
       ('0c62cc3a-098c-4559-88d2-6ee653d38da4', 'sztuka', '{"0":"sztuka","1":"sztuki","2":"sztuk"}'),
       ('02b8ff8e-59af-47c7-9f90-510172a1bd1b', 'ząbek', '{"0":"ząbek","1":"ząbki","2":"ząków"}'),
       ('f6ce7234-7d68-49a3-9a78-8a1d950f09d3', '-', '{"0":"-","1":"-","2":"-"}');

INSERT INTO ingredients (id, name, unit_id, unit_amount, calories, proteins, fats, carbohydrates)
VALUES ('f1e3ecee-d653-47dd-b85a-bab9fac9673e', 'Ananas w syropie', 'b844e515-0fd3-41ab-8b01-be2ec7d941d8', 100, 70, 0.4, 0.1, 16.9),
       ('fabb57f4-0bb8-4e59-92cb-cd65e777b80d', 'Aromat waniliowy', 'f6ce7234-7d68-49a3-9a78-8a1d950f09d3', 1, 0, 0, 0, 0),
       ('4943ef05-b0c6-4e39-bf41-5254cabc3e3d', 'Awokado', '0c62cc3a-098c-4559-88d2-6ee653d38da4', 1, 227, 2.8, 21.4, 5.7),
       ('eb36ff43-a66d-4153-8f5c-6f445e0d35d9', 'Banan ', '0c62cc3a-098c-4559-88d2-6ee653d38da4', 1, 113, 1.2, 0.4, 26.2),
       ('02f66950-3a10-4788-9065-b5fe0f45c13a', 'Biszkopty', 'b844e515-0fd3-41ab-8b01-be2ec7d941d8', 100, 377, 11, 4.5, 73),
       ('ffd10bce-b3f7-4031-a66a-3ae96da32f29', 'Brokuł mrożony', 'b844e515-0fd3-41ab-8b01-be2ec7d941d8', 100, 20, 2, 0, 3),
       ('e556819e-acc1-4596-b560-bdf99e2b1626', 'Budyń śmietankowy bez cukru', '0c62cc3a-098c-4559-88d2-6ee653d38da4', 1, 0, 0, 0, 0),
       ('fa6cb408-7f0f-43aa-8019-5f4447223f85', 'Budyń waniliowy bez cukru', 'b844e515-0fd3-41ab-8b01-be2ec7d941d8', 100, 0, 0, 0, 0),
       ('450803b9-e5cd-4070-b809-7ff69e373b35', 'Bułka tarta ', 'b844e515-0fd3-41ab-8b01-be2ec7d941d8', 100, 361, 10.4, 2.1, 75),
       ('53c1e40c-aa95-4040-8223-f93f64ab298a', 'Buraczki tarte', 'b844e515-0fd3-41ab-8b01-be2ec7d941d8', 100, 48, 1.4, 0.1, 10.4),
       ('707a3b03-bc04-4e23-813f-03b2cb650857', 'Cebula', '0c62cc3a-098c-4559-88d2-6ee653d38da4', 1, 60, 2.8, 0.8, 10.4),
       ('7a932d58-5fa9-431d-8253-fae2d84c4cc2', 'Chleb pełnoziarnisty', 'b844e515-0fd3-41ab-8b01-be2ec7d941d8', 100, 170, 5.3, 2.8, 31),
       ('a0c0f158-e64f-4e79-9365-a42bbabf76f4', 'Chrzan tarty', 'b844e515-0fd3-41ab-8b01-be2ec7d941d8', 100, 121, 2.3, 5.3, 16),
       ('455ca5bd-8e69-4924-8a23-1db2081f4503', 'Cukinia', 'b844e515-0fd3-41ab-8b01-be2ec7d941d8', 100, 15, 1.2, 0.1, 2.2),
       ('98170a70-681a-44c5-9c79-1e1d2544d5b0', 'Cynamon', 'b844e515-0fd3-41ab-8b01-be2ec7d941d8', 100, 0, 0, 0, 0),
       ('f3e47ed6-3547-4621-8add-d27433153568', 'Czekolada gorzka 70%', 'b844e515-0fd3-41ab-8b01-be2ec7d941d8', 100, 599, 7.8, 42.7, 45.8),
       ('ebce7aee-38fc-40f0-96c1-e634d5096b65', 'Czosnek', '02b8ff8e-59af-47c7-9f90-510172a1bd1b', 1, 0, 0, 0, 0),
       ('49c9d999-4fd4-4fde-831f-69c53738bb9f', 'Drzem 100%', 'b844e515-0fd3-41ab-8b01-be2ec7d941d8', 100, 139, 0.7, 0.5, 33),
       ('9ca6b93f-c7d9-4574-9ecd-92b71c358834', 'Dynia', 'b844e515-0fd3-41ab-8b01-be2ec7d941d8', 100, 28, 1.3, 0.3, 4.9),
       ('b983de08-ab1e-4c84-afa7-b7511d84fd16', 'Fasola biała konserwowa', 'b844e515-0fd3-41ab-8b01-be2ec7d941d8', 100, 89, 8, 1, 12),
       ('94049215-0163-41fd-9822-e2f93423684c', 'Fasolka szparagowa, mrożona', 'b844e515-0fd3-41ab-8b01-be2ec7d941d8', 100, 27, 2, 0.3, 4.1),
       ('b5f97313-bf96-4a43-927b-a6dde9194610', 'Galaretka bez cukru', '0c62cc3a-098c-4559-88d2-6ee653d38da4', 1, 0, 0, 0, 0),
       ('0bfc5758-37fe-4538-8b53-b1f7f92e43d3', 'Gorgonzola', 'b844e515-0fd3-41ab-8b01-be2ec7d941d8', 100, 340, 19, 29, 0.7),
       ('29b622dc-d7c1-4b30-8378-723fc9f61a87', 'Grzyby mrożone lub suszone', 'b844e515-0fd3-41ab-8b01-be2ec7d941d8', 100, 28, 3.6, 0.3, 2.6),
       ('894e2ac8-60b3-496a-abf5-0fb5c0590d8f', 'Hummus', 'b844e515-0fd3-41ab-8b01-be2ec7d941d8', 100, 178, 8, 10, 14),
       ('f817fc5d-a456-4734-b51b-85c564b89ac4', 'Jabłko', '0c62cc3a-098c-4559-88d2-6ee653d38da4', 1, 82, 0.7, 0.7, 18.2),
       ('fa0e435b-c0e8-45e6-8f1a-b39035fced61', 'Jaja kurze całe ', '0c62cc3a-098c-4559-88d2-6ee653d38da4', 1, 78, 7, 5.4, 0.3),
       ('e6e4e28e-8d95-43ce-b305-cfa97e77a62e', 'Jogurt naturalny 0% ', 'b844e515-0fd3-41ab-8b01-be2ec7d941d8', 100, 52, 5.5, 0, 7.6),
       ('5a0a9206-2d58-43a1-905e-3398dddaaa4c', 'Kajzerka wieloziarnista (Lidl)', '0c62cc3a-098c-4559-88d2-6ee653d38da4', 1, 107, 3, 0.8, 22),
       ('5b0f2906-7ece-4669-a175-4d1b0c586b2c', 'Kakao', 'b844e515-0fd3-41ab-8b01-be2ec7d941d8', 100, 241, 23.5, 10.5, 13),
       ('997595ec-6b9a-47b0-8d3b-b7978428302c', 'Kapary', 'b844e515-0fd3-41ab-8b01-be2ec7d941d8', 100, 37, 2.4, 0.9, 4.9),
       ('9076f7d4-fc8e-4cb8-aa32-32b9f59f47c6', 'Kasza gryczana', 'b844e515-0fd3-41ab-8b01-be2ec7d941d8', 100, 118, 4.7, 1.1, 22.2),
       ('3d78dc06-1db3-4136-92f5-327c2ce8345a', 'Kasza jaglana', 'b844e515-0fd3-41ab-8b01-be2ec7d941d8', 100, 345, 11.3, 2.9, 68.4),
       ('ac9a1357-ac33-4ddc-b836-be5d110b6b39', 'Keczup ', 'b844e515-0fd3-41ab-8b01-be2ec7d941d8', 100, 147, 1.4, 0.1, 35),
       ('c61aafd9-900e-495d-837d-1a0f0b184970', 'Kiełbasa Śląska', 'b844e515-0fd3-41ab-8b01-be2ec7d941d8', 100, 211, 18.4, 15.3, 0),
       ('011d0141-11eb-435b-bf8e-4ccb23cf79cf', 'Kiwi', '0c62cc3a-098c-4559-88d2-6ee653d38da4', 1, 42, 0.7, 0.4, 8.9),
       ('60d5d2d7-a65a-4832-a063-a0abc8016478', 'Kostka rosołowa (najlepiej bulion na żeberkach) - 1 Sztuka', '0c62cc3a-098c-4559-88d2-6ee653d38da4', 1, 0, 0, 0, 0),
       ('77dd1ef5-749c-43a0-bea4-48d3f11376a0', 'Kurki', 'b844e515-0fd3-41ab-8b01-be2ec7d941d8', 100, 38, 1.5, 0.5, 6.9),
       ('780d17a9-4a96-4d47-aa3e-f17fb0acb862', 'Liście kafiru (suszone lub mrożone)', '0c62cc3a-098c-4559-88d2-6ee653d38da4', 1, 0, 0, 0, 0),
       ('fad29d9f-be76-4c23-88a0-20c8b42b17fd', 'Łosoś mrożony', 'b844e515-0fd3-41ab-8b01-be2ec7d941d8', 100, 224, 18, 16, 2),
       ('2a092493-83fb-47c3-b5df-3b7e882596be', 'Mąka pszenna', 'b844e515-0fd3-41ab-8b01-be2ec7d941d8', 100, 353, 10, 1, 76),
       ('98d486d8-f052-42cb-9866-b9cbb87175e3', 'Mąka ryżowa', 'b844e515-0fd3-41ab-8b01-be2ec7d941d8', 100, 345, 6, 1, 78),
       ('ec33027b-a7d4-466a-9408-6efc7d8e35a9', 'Mąka żytnia', 'b844e515-0fd3-41ab-8b01-be2ec7d941d8', 100, 358, 11, 1.5, 75),
       ('0b8562a3-ca56-4135-9b8a-038bddd1b4bc', 'Makaron pełnoziarnisty', 'b844e515-0fd3-41ab-8b01-be2ec7d941d8', 100, 345, 15.2, 1.3, 68),
       ('c9bd353a-3903-4427-a230-b6af65e776ce', 'Makaron ryżowy', 'b844e515-0fd3-41ab-8b01-be2ec7d941d8', 100, 350, 3.4, 0.5, 83),
       ('6660dc09-dc42-47e3-9e10-fb79fb4594ff', 'Makaron spaghetti', 'b844e515-0fd3-41ab-8b01-be2ec7d941d8', 100, 346, 13.2, 1.4, 70.2),
       ('12456459-c4bd-4638-901b-028c2dda1ae5', 'Maliny mrożone', 'b844e515-0fd3-41ab-8b01-be2ec7d941d8', 100, 29, 1.3, 0.3, 5.3),
       ('97683406-5780-4e46-9100-027787b9f1f6', 'Mango', 'b844e515-0fd3-41ab-8b01-be2ec7d941d8', 100, 66, 0.5, 0.3, 15.3),
       ('668b62d1-7a13-4c87-b102-38d8c7537d40', 'Marchewka', '0c62cc3a-098c-4559-88d2-6ee653d38da4', 1, 12, 0.5, 0.1, 2.3),
       ('576cdd4e-91ab-41b3-b44b-a75f1fdd3088', 'Masło', 'b844e515-0fd3-41ab-8b01-be2ec7d941d8', 100, 742, 0.6, 82, 0.4),
       ('b84d2879-eac3-48ac-a496-0ab623375675', 'Masło Klarowane', 'b844e515-0fd3-41ab-8b01-be2ec7d941d8', 100, 934, 9, 99.8, 0),
       ('ae24ebe0-6af7-4125-a19d-e74c2b9edd94', 'Masło orzechowe', 'b844e515-0fd3-41ab-8b01-be2ec7d941d8', 100, 630, 25, 50, 20),
       ('8d1cd467-4540-4c80-9e6b-b465955bef03', 'Mięso mielone z szynki wieprzowej', 'b844e515-0fd3-41ab-8b01-be2ec7d941d8', 100, 129, 19.5, 5.4, 0.6),
       ('03ba5f37-e861-4231-95e6-140d802433b8', 'Mięso z piersi kurczaka', 'b844e515-0fd3-41ab-8b01-be2ec7d941d8', 100, 98, 21.5, 1.3, 0),
       ('81b56d72-dd33-4d6d-b937-266c23d0eb28', 'Mieszanka azjatycka warzyw', 'b844e515-0fd3-41ab-8b01-be2ec7d941d8', 100, 29, 2.4, 0.4, 3.9),
       ('565aafa2-7240-4466-b00c-b0e83bd4ae73', 'Mieszanka dowolnych zielonych warzyw (fasolka szparagowa, kalafior, groszek zielony, brokuł, brukselka)', 'b844e515-0fd3-41ab-8b01-be2ec7d941d8', 100, 0, 0, 0, 0),
       ('575e6021-6f66-48df-bbbc-81353b276f04', 'Mieszanka meksykańska warzyw', 'b844e515-0fd3-41ab-8b01-be2ec7d941d8', 100, 50, 3.1, 0.5, 8.3),
       ('2ccc4176-172e-494c-9863-c63f6113acc1', 'Mieszanka warzyw chińskich', 'b844e515-0fd3-41ab-8b01-be2ec7d941d8', 100, 22, 1.5, 0.3, 3.4),
       ('09ff919a-b701-49be-985d-c8a5e2cbd5ff', 'Miruna lub dowolna chuda biała ryba ', 'b844e515-0fd3-41ab-8b01-be2ec7d941d8', 100, 72, 15.4, 1.2, 0),
       ('77ec80bc-cd27-46b9-95f7-e81f42813b77', 'Mix sałat', 'b844e515-0fd3-41ab-8b01-be2ec7d941d8', 100, 0, 0, 0, 0),
       ('aa735720-f7a2-4223-a933-ca3b2f1bdc6b', 'Mleko 2%', 'b844e515-0fd3-41ab-8b01-be2ec7d941d8', 100, 49, 3.2, 2, 4.6),
       ('2a6625df-262e-4010-9f8d-e2d809a1810b', 'Mleko kokosowe light', 'b844e515-0fd3-41ab-8b01-be2ec7d941d8', 100, 131, 1.6, 13, 1.9),
       ('3e8cdda1-cbc7-4625-8b8f-c79e1d5a7a0e', 'Mozarella light', 'b844e515-0fd3-41ab-8b01-be2ec7d941d8', 100, 130, 20, 1.6, 9),
       ('9e31b03f-d238-4b6e-80ae-8b046dedbbac', 'Musztarda', 'b844e515-0fd3-41ab-8b01-be2ec7d941d8', 100, 74, 4.4, 4, 5),
       ('e4de8d9b-2c94-4228-8532-79688d0446d5', 'Nasiona chia', '40953637-ef45-4e7c-9f70-50ccc9dd2031', 1, 0, 0, 0, 0),
       ('9d90672e-b679-4156-b355-b4e3babc0469', 'Ocet winny', '40953637-ef45-4e7c-9f70-50ccc9dd2031', 1, 0, 0, 0, 0),
       ('127f30cb-3934-4c2a-a12e-2074685618ff', 'Odżywka białkowa WPC ', 'b844e515-0fd3-41ab-8b01-be2ec7d941d8', 100, 415, 79, 7, 9),
       ('3da8b347-d9db-4892-8e8a-3e8a20877593', 'Ogórek konserwowy', '0c62cc3a-098c-4559-88d2-6ee653d38da4', 1, 0, 0, 0, 0),
       ('2854ba0f-5672-4fcc-b64e-fe81f09c6f67', 'Ogórek zielony (długi)', '0c62cc3a-098c-4559-88d2-6ee653d38da4', 1, 24, 1.3, 0.2, 4.3),
       ('46ae5b47-f175-4334-bec5-e10ccafcae76', 'Olej kokosowy', 'b844e515-0fd3-41ab-8b01-be2ec7d941d8', 100, 900, 0, 100, 0),
       ('55cd8919-b892-4c9b-9e66-0cce0a53244d', 'Olej słonecznikowy', 'b844e515-0fd3-41ab-8b01-be2ec7d941d8', 100, 828, 0, 92, 0),
       ('8d70c00d-6453-4c70-b371-b281ae7c878e', 'Oliwa z oliwek', 'b844e515-0fd3-41ab-8b01-be2ec7d941d8', 100, 898, 0, 99.8, 0),
       ('0b70da6c-14dd-43bd-b699-8f2ed66520e1', 'Oliwki', '0c62cc3a-098c-4559-88d2-6ee653d38da4', 1, 4, 0, 0.4, 0.1),
       ('66a4df63-3f2b-4577-975d-9564a4808c8b', 'Orzechy nerkowca ', 'b844e515-0fd3-41ab-8b01-be2ec7d941d8', 100, 588, 18, 44, 30),
       ('f25884f9-4c67-4458-8a78-640acb629c47', 'Orzeszki ziemne prażone', 'b844e515-0fd3-41ab-8b01-be2ec7d941d8', 100, 634, 24, 50, 22),
       ('0c1c2fe3-6da8-441e-aabf-140402bf349b', 'Oscypek', 'b844e515-0fd3-41ab-8b01-be2ec7d941d8', 100, 386, 29, 30, 0),
       ('4c5b73fa-939c-4a60-bbb4-541b7da8c3df', 'Papryka', '0c62cc3a-098c-4559-88d2-6ee653d38da4', 1, 28, 1.3, 0.5, 4.6),
       ('feb29d31-61dc-4ca0-8233-0d1fd502c1de', 'Parmezan', 'b844e515-0fd3-41ab-8b01-be2ec7d941d8', 100, 429, 38, 29, 4.1),
       ('0f789f4b-1833-4fec-bc3b-cd9cb0dd3dcd', 'Passata pomidorowa', 'b844e515-0fd3-41ab-8b01-be2ec7d941d8', 100, 28, 1.7, 0, 5.3),
       ('4f5fa070-6f55-400b-9c55-f127fcb8e5e4', 'Pasta green curry', '40953637-ef45-4e7c-9f70-50ccc9dd2031', 1, 0, 0, 0, 0),
       ('1604eb52-d9da-4b0d-ac92-a8f54c39653f', 'Pasta Panang Curry', '40953637-ef45-4e7c-9f70-50ccc9dd2031', 1, 0, 0, 0, 0),
       ('d6e43294-b0d6-44cc-846d-2718a8e4172d', 'Pestki dyni', 'b844e515-0fd3-41ab-8b01-be2ec7d941d8', 100, 463, 19, 19, 54),
       ('1b1af7f4-f25b-4c2d-a0d8-42fbd5f9262d', 'Pieczarki', 'b844e515-0fd3-41ab-8b01-be2ec7d941d8', 100, 25, 2.7, 0.4, 2.6),
       ('98891ad2-57b3-4928-895b-faf71ffc94a0', 'Płatki owsiane górskie', 'b844e515-0fd3-41ab-8b01-be2ec7d941d8', 100, 352, 13.5, 7, 58.7),
       ('ca5f3db0-42f4-4eb3-b4b4-1105e594c21e', 'Polędwica wieprzowa', 'b844e515-0fd3-41ab-8b01-be2ec7d941d8', 100, 136, 26, 3.5, 0),
       ('8ca38a7b-6398-4381-b9f8-06aff8d1ead1', 'Pomidor', '0c62cc3a-098c-4559-88d2-6ee653d38da4', 1, 28, 1.5, 0.3, 4.9),
       ('95dec74c-e569-41fe-9a58-3b17c3ec1c33', 'Pomidorki koktajlowe', '0c62cc3a-098c-4559-88d2-6ee653d38da4', 1, 0, 0, 0, 0),
       ('d7d3ce37-ab93-4b34-81f2-72bfb7c495d9', 'Pomidory suszone', '0c62cc3a-098c-4559-88d2-6ee653d38da4', 1, 48, 1, 2.8, 4.6),
       ('0e72c535-d399-46c2-8e65-19431daf5bbe', 'Proszek do pieczenia ', 'cf496dce-6431-4ee8-9ecb-581259c3f6f4', 1, 0, 0, 0, 0),
       ('1fa20c3f-cfd7-4a40-ac07-b2b1077754bb', 'Przyprawa do ryb', 'b844e515-0fd3-41ab-8b01-be2ec7d941d8', 100, 0, 0, 0, 0),
       ('19df1d6b-ad64-4d47-acc9-a8c5aab11046', 'Rostbef wołowy', 'b844e515-0fd3-41ab-8b01-be2ec7d941d8', 100, 212, 26, 12, 0),
       ('8701d605-b61e-46a7-82c4-a79044838d9a', 'Roztrzepane białko jaja ', 'b844e515-0fd3-41ab-8b01-be2ec7d941d8', 100, 47, 11, 0, 0.8),
       ('0d82ad41-a264-4530-a53d-a128965c3294', 'Ryż basmati', 'b844e515-0fd3-41ab-8b01-be2ec7d941d8', 100, 349, 8.7, 1.1, 76),
       ('ccf6a7ab-3d23-4651-a806-1dbaeb6cdcb1', 'Ryż brązowy', 'b844e515-0fd3-41ab-8b01-be2ec7d941d8', 100, 347, 8, 3, 72),
       ('0b4e5526-fc1c-4ba7-9aaa-5406cded3435', 'Ryż jaśminowy', 'b844e515-0fd3-41ab-8b01-be2ec7d941d8', 100, 344, 7, 0, 79),
       ('abbe0798-67e8-413a-ba96-e4460e813c25', 'Ser camembert', 'b844e515-0fd3-41ab-8b01-be2ec7d941d8', 100, 298, 20, 24, 0.5),
       ('813a0bf0-cae4-4cfa-8079-2eee9042355f', 'Ser twarogowy chudy', 'b844e515-0fd3-41ab-8b01-be2ec7d941d8', 100, 88, 18, 0, 4),
       ('468f10ad-30c5-408e-b3f2-93f2d6506195', 'Ser z niebieską pleśnią', 'b844e515-0fd3-41ab-8b01-be2ec7d941d8', 100, 354, 21, 29, 2.3),
       ('32bda32f-d5a7-454c-8793-3d263a24e574', 'Ser żółty ', 'b844e515-0fd3-41ab-8b01-be2ec7d941d8', 100, 222, 26, 1.5, 26),
       ('978a1084-8286-47ce-a027-453c90d07a53', 'Serek almette', 'b844e515-0fd3-41ab-8b01-be2ec7d941d8', 100, 232, 6.7, 20, 6.2),
       ('741ba075-52ba-44e3-90da-d0bb38b64d20', 'Serek homogenizowany waniliowy', 'b844e515-0fd3-41ab-8b01-be2ec7d941d8', 100, 138, 7, 5.5, 15),
       ('aba4836d-e3ee-442f-9332-c1298aa2c713', 'Serek wiejski lekki', 'b844e515-0fd3-41ab-8b01-be2ec7d941d8', 100, 81, 11, 3, 2.4),
       ('5f708198-8f62-46b6-abfb-1e2e44147f7d', 'Skyr', 'b844e515-0fd3-41ab-8b01-be2ec7d941d8', 100, 56, 8.9, 0.2, 4.6),
       ('6df910e5-2c86-4eb6-926d-a8de29619895', 'Skyr waniliowy', 'b844e515-0fd3-41ab-8b01-be2ec7d941d8', 100, 82, 9.6, 0, 11),
       ('6c77f403-7cc7-46ad-9a55-fa9123c1d953', 'Słodzik (Ksylitol/Stevia)', 'f6ce7234-7d68-49a3-9a78-8a1d950f09d3', 1, 0, 0, 0, 0),
       ('d85e108a-9a38-4623-94cf-5bb7b7fbe504', 'Słonecznik', 'b844e515-0fd3-41ab-8b01-be2ec7d941d8', 100, 623, 21, 51, 20),
       ('e923caba-dfee-4888-abd9-fbb71807a0c4', 'śmietana 12%', 'b844e515-0fd3-41ab-8b01-be2ec7d941d8', 100, 134, 2.6, 12, 3.9),
       ('2e0e0fe9-337f-441b-87b5-04120553c3a9', 'Śmietana 18%', 'b844e515-0fd3-41ab-8b01-be2ec7d941d8', 100, 186, 2.4, 18, 3.6),
       ('bf7afb5e-b842-4826-8051-1fa6e014a01c', 'Sok z cytryny', '40953637-ef45-4e7c-9f70-50ccc9dd2031', 1, 0, 0, 0, 0),
       ('a94d8389-e13f-4a39-a6a6-e83d9cb8505d', 'Sok z limonki', '40953637-ef45-4e7c-9f70-50ccc9dd2031', 1, 0, 0, 0, 0),
       ('20406f4f-4b04-40b9-9f32-729bc107589c', 'Sos sojowy', '40953637-ef45-4e7c-9f70-50ccc9dd2031', 1, 10, 1.7, 0, 0.8),
       ('b18675bd-cc6c-4856-a9b4-7666483df00a', 'Sos teryiaki', '40953637-ef45-4e7c-9f70-50ccc9dd2031', 1, 0, 0, 0, 0),
       ('c8878a1c-f843-47e3-939f-e04044f2ebdd', 'Szparagi', 'b844e515-0fd3-41ab-8b01-be2ec7d941d8', 100, 18, 1.9, 0.2, 2.2),
       ('57c8c941-e6ca-4a3c-a33a-5ec8434f0f26', 'Szpinak', 'b844e515-0fd3-41ab-8b01-be2ec7d941d8', 100, 29, 2.8, 0.4, 3.6),
       ('c7528994-eed1-482f-9462-367bbb8df6ba', 'Szynka Parmeńska', 'b844e515-0fd3-41ab-8b01-be2ec7d941d8', 100, 226, 25, 14, 0.1),
       ('fa343ac9-184c-432d-b89e-0614fe2e70ef', 'Szynka z indyka', 'b844e515-0fd3-41ab-8b01-be2ec7d941d8', 100, 90, 19.1, 0.7, 1.9),
       ('ab054628-2e13-481a-9c95-a89aa5c0ae97', 'Szynka z piersi kurczaka', 'b844e515-0fd3-41ab-8b01-be2ec7d941d8', 100, 114, 22, 2, 2),
       ('2f7fe7c9-8049-4726-8e18-737ec7214f6f', 'Tortilla pszenna (duża) ', 'b844e515-0fd3-41ab-8b01-be2ec7d941d8', 100, 263, 9.1, 6.5, 42),
       ('83a080a9-987a-4450-8768-583ad94d6057', 'Truskawki, mrożone ', 'b844e515-0fd3-41ab-8b01-be2ec7d941d8', 100, 37, 0.7, 0.4, 7.6),
       ('5f0b4124-2a7f-437b-890a-2f6a3613c01b', 'Wafle ryżowe naturalne (z ryżu brązowego)', 'b844e515-0fd3-41ab-8b01-be2ec7d941d8', 100, 372, 8.2, 2.3, 79.5),
       ('f5e9c311-6168-4839-9097-fb77528e6d36', 'Wieprzowina, schab surowy bez kości ', 'b844e515-0fd3-41ab-8b01-be2ec7d941d8', 100, 129, 24, 3.5, 0.4),
       ('011b76c5-a12f-40bd-9e16-8086c9f2b7ce', 'Wiórki kokosowe', 'b844e515-0fd3-41ab-8b01-be2ec7d941d8', 100, 679, 7.1, 67, 12),
       ('c0b8b835-d06c-409c-9bb2-e88603f305be', 'Woda', 'e2deee40-e66d-4497-9f75-6a65311fb511', 100, 0, 0, 0, 0),
       ('f5ba8250-752b-4609-afae-8be007290ae0', 'Wywar z włoszczyzny', 'b844e515-0fd3-41ab-8b01-be2ec7d941d8', 100, 0, 0, 0, 0),
       ('def3050c-66b1-47ab-976b-002093868e1f', 'Ziemniaki', 'b844e515-0fd3-41ab-8b01-be2ec7d941d8', 100, 76, 2, 0.1, 16.8);

INSERT INTO recipes (id, name, image_url, time_to_prepare, enabled)
VALUES
    ('7172f615-00c2-4c22-90ec-c2b5d730740d', 'Jajecznica z warzywami i chlebem', 'https://dl.airtable.com/.attachments/da506d5aa511fd2c1a65863bb6e6c3ce/6ff4c72c/Scrambled_Eggs_Recipe__Incredible_Egg', 15, TRUE),
    ('ae6527a8-f98f-4c2e-a045-558ffc968e59', 'Szejk owocowy i wafle ryżowe', 'https://dl.airtable.com/.attachments/44961a923096cbe163cf6c27be9ec1f8/6379264a/IMG_1802.jpg', 3, TRUE),
    ('dfefdfa3-b84d-43f7-a6a9-65f19e299436', 'Placuszki kokosowo-bananowe', 'https://dl.airtable.com/.attachments/7baa58cbc358eaaa59400ff3ac089845/58812476/IMG_1025.jpg', 10, TRUE),
    ('3f2d1a97-15d7-4a84-91d1-04f330009368', 'Kajzerka wieloziarnista z szynką i jajkiem sadzonym', NULL, 7, TRUE),
    ('5e8aaaea-6bf5-490c-bd80-e9876590f111', 'Owsianka z owocami i skyr', NULL, 5, TRUE),
    ('1134740f-9890-4dd5-b5f6-08c53858ad1a', 'Jajecznica z pomidorem i kajzerką', 'https://dl.airtable.com/.attachments/df7be306d4c2c5eac4b5113add044b5f/42df42eb/IMG_1856.jpg', 10, TRUE),
    ('ec135982-19c7-4659-80a9-6c6f1dcb6c74', 'Kanapki z szynką z kurczaka i sałatką', NULL, 5, TRUE),
    ('571054e4-6362-400e-890a-4269cb4bc4f2', 'Kasza gryczana z kurczakiem i pieczarkami', NULL, 20, TRUE),
    ('2417a1cd-b606-43c0-ad6b-6a206ba593f3', 'Spaghetti bolognese', NULL, 20, TRUE),
    ('901defbd-f1cf-4da4-8a07-1720179c28f2', 'Klopsiki w sosie pomidorowym', NULL, 35, TRUE),
    ('9ca31ce5-509a-4521-ab66-82cbe60d0d2e', 'Domowy burger', NULL, 15, TRUE),
    ('5c0bc000-bc6c-4b33-a759-965302b51799', 'Ryż z kurczakiem w jogurcie z suszonymi pomidorami', 'https://dl.airtable.com/.attachments/300bfd336526b1502cc08584d22edfbd/de921f22/IMG_1696.jpg', 15, TRUE),
    ('a04ae33f-9b8d-4331-846e-9bf84bc73708', 'Ryba pieczona w panierce', NULL, 30, TRUE),
    ('018e9f33-3f00-4fbd-9e6b-4678d0be8a81', 'Tortilla z kurczakiem i warzywami', NULL, 15, TRUE),
    ('f4f08d9f-54c5-47cc-ae03-0cc7f40e242c', 'Ziemniaki ze schabowym', 'https://dl.airtable.com/.attachments/6600f7fa8c01d8c633c6d87c1e846ce4/7a14dc89/IMG_1810.jpg', 30, TRUE),
    ('d023d859-df43-4f1b-8d1c-81bf1f2a1494', 'Płatki owsiane z owocami', NULL, 5, TRUE),
    ('9fee21cd-d54e-4566-bb2a-2c3a38959dda', 'Bułki z szynką', NULL, 5, TRUE),
    ('d54d611b-ec76-4eab-b19c-24e47680d423', 'Omlet z warzywami i szynką z kurczaka', 'https://dl.airtable.com/.attachments/1d9dbd2339ea3067d6837a204d170751/76def098/IMG_1173.jpg', 10, TRUE),
    ('bbeac773-3bbd-4039-9be0-79602e6ec3f4', 'Racuchy z jabłkiem i shake białkowy', 'https://dl.airtable.com/.attachments/22f4f242b6a6da1f72c1fa4179d9124c/d8bf980e/IMG_1105.jpg', 15, TRUE),
    ('cea8e842-2f81-4c8c-8b68-d2a712742b70', 'Naleśniki z jogurtem islandzkim', 'https://dl.airtable.com/.attachments/3ca94befc0fc82c33be55ade02e531b4/859ddca7/IMG_3526.jpg', 10, TRUE),
    ('07426d8e-b4ae-408e-90b1-84c7b1846950', 'Ryż na słodko', NULL, 15, TRUE),
    ('aea80f5a-38b9-4faa-aa65-31ac98e461c7', 'Kolorowe kanapki + jajko na twardo', 'https://dl.airtable.com/.attachments/9137cd3812b97d0cf53056ddd49a03e2/2374e6d8/IMG_0926.jpg', 10, TRUE),
    ('c788f48a-eb7c-4225-9a10-8f09ec874c46', 'Kolorowe kanapki + jajko sadzone + guacamole ', 'https://dl.airtable.com/.attachments/412ff4bd64ed8df7c18d478b164394ae/3372765a/IMG_0996.jpg', 15, TRUE),
    ('4490d8dd-1c90-43ef-ade5-7ef9eaa7875a', 'Szakszuka', 'https://dl.airtable.com/.attachments/8c76c91bf42032308858ff60264973ad/c5f7dda3/IMG_0765.jpg', 15, TRUE),
    ('dbaa6ec7-4c15-494f-8512-ab497fdbe3a1', 'Kanapki z pastą jajeczną', 'https://dl.airtable.com/.attachments/8b8c6ff3c478c43e69bc364966d46c48/35015d81/IMG_0893.jpg', 10, TRUE),
    ('db9a0a8c-0c2d-4459-9031-5b24f0c28afd', 'Panang Curry', 'https://dl.airtable.com/.attachments/67b46dd50da4a94341722bddbfd87b85/5b43cb55/IMG_1011.jpg', 20, TRUE),
    ('eda02b58-7454-48e7-b943-a785702ca17a', 'Kurczak teriyaki z ryżem', 'https://dl.airtable.com/.attachments/eaf8e10bdc0364d6d1571ed0bbec10bd/19a6cb9b/IMG_09771.jpg', 15, TRUE),
    ('3e697b08-cc36-4308-baff-536f8b3c08a7', 'Zapiekanka ziemniaczana', 'https://dl.airtable.com/.attachments/db5acd8c77519e898aa720161f30f9b8/e6df3408/IMG_0942.jpg', 45, TRUE),
    ('a06db83d-8848-4369-a997-d03c5d5ecf8d', 'Polędwiczki wieprzowe w sosie śmietanowo-grzybowym', NULL, 40, TRUE),
    ('ec6260df-dd76-4599-ade2-6284707cc8ce', 'Boeuf Stroganow', NULL, 40, TRUE),
    ('f62748d6-eb15-4c39-8ffd-78160b1babe5', 'Pierś z kurczaka w sosie z dynią i pieczarkami', NULL, 30, TRUE),
    ('4c805501-e044-4ff7-9f34-6ae05ac80f8d', 'Sałatka z łososiem i ryżem', NULL, 35, TRUE),
    ('c494bda6-a36f-49d9-8be9-5ce57557ee72', 'Sałatka z ziemniakami, jajkami, musztardą francuską i szczypiorkiem', NULL, 30, TRUE),
    ('a3e9cfaf-5a58-4ff2-bb4a-254a308ceaa0', 'Kurczak w sosie słodko-kwaśnym', NULL, 20, TRUE),
    ('1993fe45-4a47-4b42-bb83-2a102abd4193', 'Makaron z kurczakiem, brokułami i marchewką', NULL, 20, TRUE),
    ('6b84cb0f-25a6-43fa-ba33-05682090f131', 'Ryż z kurczakiem po meksykańsku', NULL, 15, TRUE),
    ('c07818e4-e44f-4b08-8a47-60f45bb0dd57', 'Makaron z kurczakiem po chińsku', 'https://dl.airtable.com/.attachments/bf7cdcbc1c0b2880bb6ad645eb577500/44d67fb4/IMG_1870.jpg', 15, TRUE),
    ('903490da-9d34-4270-ab7e-82635c8ad0e0', 'Sałatka z kurczakiem i serem camembert', 'https://dl.airtable.com/.attachments/9dafbc78cfd1d8efcb86637ea6be08ca/e7ceec6d/IMG_1326.jpg', 20, TRUE),
    ('9cc1a904-ee5b-4e6d-a901-20149bf439be', 'Domowy kebab z pieczonymi ziemniakami', 'https://dl.airtable.com/.attachments/c48256f9061037defe17ab151d7e2054/9732c92e/IMG_0625.jpg', 60, TRUE),
    ('3e75f081-cc47-4b34-9941-aacd58f5ff2a', 'Ziemniaki faszerowane po zbójnicku', 'https://dl.airtable.com/.attachments/a1894f799768cd0e10c8257463d2be7b/0b0b93b1/IMG_6877.jpg', 60, TRUE),
    ('861da7f9-dec9-4bbe-b568-ec78ea815387', 'Makaron pełnoziarnisty z kurczakiem, szpinakiem i suszonymi pomidorami', 'https://dl.airtable.com/.attachments/85177d549af435535ce457f5a57915f8/dfa3b2b2/IMG_1117.jpg', 20, TRUE),
    ('15fd9851-40f3-4af6-9021-b6120b74045d', 'Makaron włoski z kurczakiem', 'https://dl.airtable.com/.attachments/8d44151ad6b817a8bdccfec704ed5102/a6f89a95/IMG_1195.jpg', 20, TRUE),
    ('2705a0a2-edb8-4935-88e9-544a8724a8cd', 'Green curry', 'https://dl.airtable.com/.attachments/97daa22ffb2ba727edab0ef7d8125de6/b46a595a/IMG_1253.jpg', 25, TRUE),
    ('f6664f59-fa64-4dc4-b433-6a2b3bf4e967', 'Chleb z serkiem i jajkami w szynce parmeńskiej', 'https://dl.airtable.com/.attachments/6ee7740a1fe2fd477bbc9482673c3569/b6a840fb/IMG_1294.jpg', 15, TRUE),
    ('23d2bbb0-44bd-4c1c-8419-f72629119314', 'Makaron ryżowy w sosie sojowym', 'https://dl.airtable.com/.attachments/a8e40b501b69dd622aa4d2505bc8a11f/705a476c/IMG_1132.jpg', 25, TRUE),
    ('463bfda2-0b7c-401e-a270-6d7bc3f46449', 'Kotlety mielone z pure ziemniaczanym', 'https://dl.airtable.com/.attachments/9e08ccebf6efaac21f0168e32a3899c8/a3d65091/IMG_1389.jpg', 30, TRUE),
    ('3ee97f97-6159-4684-8639-6fefe5f6c1a7', 'Ryż z kurczakiem po tajsku', NULL, 20, TRUE),
    ('762cb31d-6fd6-4ec1-9e0c-a477856ca37c', 'Tortilla z hummusem i szynką z indyka', NULL, 5, TRUE),
    ('eb4a412f-c6ce-4b0e-9093-d456fe8bf592', 'Omlet z mozzarellą i pomidorem', 'https://dl.airtable.com/.attachments/aeb6f3da710a8ada08c8c04dccb36f46/49d2b1dc/IMG_1765.jpg', 15, TRUE),
    ('62c30406-d20c-472d-ae30-219051b78004', 'Jajka w sosie chrzanowo-koperkowym', NULL, 20, TRUE),
    ('2f6abd58-c8fa-4ce1-b528-4aac793a47c6', 'Sałatka z białej fasoli, pomidorów i ogórka', NULL, 10, TRUE),
    ('1bb0187f-0759-4d62-b6fe-218083f2c547', 'Muffiny jajeczne ze szpinakiem', 'https://dl.airtable.com/.attachments/603a69a3a2a8ead1706dab11ca25c727/c43314d5/IMG_6994.jpg', 30, TRUE),
    ('6e897b94-3530-4b4e-9655-3034b6d57dcc', 'Tarta żytnia z cukinią', NULL, 60, TRUE),
    ('9b3775a5-444e-4da0-ae02-ac71bca117cf', 'Zielone kanapki', 'https://dl.airtable.com/.attachments/c699fbea4ba93e36de0e6193ef8208a3/d090ed36/IMG_1449.jpg', 15, TRUE),
    ('8358d494-8c44-45d7-ba75-02c93790fa70', 'Naleśniki z mąki ryżowej', 'https://dl.airtable.com/.attachments/0ce71b6ef4df6f97879217728f34d9f6/589ed1e2/IMG_1530.jpg', 15, TRUE),
    ('84039ffa-d26c-4648-ac45-e8ad0c5f5f15', 'Kotlety z piersi kurczaka ze szpinakiem i ryżem', 'https://dl.airtable.com/.attachments/efb31d14804f15f68171227ac9cf6864/cfc42d58/IMG_1491.jpg', 20, TRUE),
    ('4c62442d-fa84-45cd-a952-a1f221c4587d', 'Bezglutenowe placki ziemniaczane', 'https://dl.airtable.com/.attachments/9997afc0b00f027d766cdadfa69a4ad6/f983ec49/IMG_1471.jpg', 30, TRUE),
    ('469010ce-6db7-4c29-9e32-c0ee04d9c7ae', 'Kaszotto z kurczakiem i kurkami', 'https://dl.airtable.com/.attachments/e06faa5aabbe8210a7c2f77a4759a2b4/7edd8e92/IMG_1720.jpg', 30, TRUE),
    ('9851acd1-37fd-4832-99a0-aad05f4f749f', 'Pudding jaglany', 'https://dl.airtable.com/.attachments/bf774f8effdaf38a1bb21185a38dfe19/94155e17/IMG_1747.jpg', 15, TRUE),
    ('5f670d30-6ef0-49e5-b6b4-b2e2791944ee', 'Strogonow drobiowy', 'https://dl.airtable.com/.attachments/798bc35665672a8f4430c81c0df25d88/6695024b/IMG_1650.jpg', 30, TRUE),
    ('4bffcf35-f4a2-432d-a5b1-53e5ed0fc8e3', 'Serek wiejski na słodko', 'https://dl.airtable.com/.attachments/3d3f2fed3c810dcc46266c4c2e20b086/96d65805/IMG_1820.jpg', 15, TRUE),
    ('231243aa-9dc4-4213-8ad1-457764e2381e', 'Kurczak z gorgonzolą ', 'https://dl.airtable.com/.attachments/d2ef94d553b161f9cd780c517889c1a9/197c8411/IMG_1842.jpg', 20, TRUE);

INSERT INTO recipe_ingredients (recipe_id, ingredient_id, amount)
VALUES
    ('7172f615-00c2-4c22-90ec-c2b5d730740d', '7a932d58-5fa9-431d-8253-fae2d84c4cc2', 70),
    ('7172f615-00c2-4c22-90ec-c2b5d730740d', 'fa0e435b-c0e8-45e6-8f1a-b39035fced61', 1.7),
    ('7172f615-00c2-4c22-90ec-c2b5d730740d', '8d70c00d-6453-4c70-b371-b281ae7c878e', 10),
    ('7172f615-00c2-4c22-90ec-c2b5d730740d', '4c5b73fa-939c-4a60-bbb4-541b7da8c3df', 0.7),
    ('7172f615-00c2-4c22-90ec-c2b5d730740d', '8ca38a7b-6398-4381-b9f8-06aff8d1ead1', 0.7),
    ('7172f615-00c2-4c22-90ec-c2b5d730740d', 'ab054628-2e13-481a-9c95-a89aa5c0ae97', 70),
    ('ae6527a8-f98f-4c2e-a045-558ffc968e59', 'eb36ff43-a66d-4153-8f5c-6f445e0d35d9', 1),
    ('ae6527a8-f98f-4c2e-a045-558ffc968e59', 'aa735720-f7a2-4223-a933-ca3b2f1bdc6b', 200),
    ('ae6527a8-f98f-4c2e-a045-558ffc968e59', '66a4df63-3f2b-4577-975d-9564a4808c8b', 20),
    ('ae6527a8-f98f-4c2e-a045-558ffc968e59', '83a080a9-987a-4450-8768-583ad94d6057', 100),
    ('ae6527a8-f98f-4c2e-a045-558ffc968e59', '5f0b4124-2a7f-437b-890a-2f6a3613c01b', 50),
    ('dfefdfa3-b84d-43f7-a6a9-65f19e299436', 'eb36ff43-a66d-4153-8f5c-6f445e0d35d9', 1),
    ('dfefdfa3-b84d-43f7-a6a9-65f19e299436', '49c9d999-4fd4-4fde-831f-69c53738bb9f', 30),
    ('dfefdfa3-b84d-43f7-a6a9-65f19e299436', 'fa0e435b-c0e8-45e6-8f1a-b39035fced61', 0.6),
    ('dfefdfa3-b84d-43f7-a6a9-65f19e299436', '2a092493-83fb-47c3-b5df-3b7e882596be', 20),
    ('dfefdfa3-b84d-43f7-a6a9-65f19e299436', '8d70c00d-6453-4c70-b371-b281ae7c878e', 10),
    ('dfefdfa3-b84d-43f7-a6a9-65f19e299436', '011b76c5-a12f-40bd-9e16-8086c9f2b7ce', 10),
    ('3f2d1a97-15d7-4a84-91d1-04f330009368', 'fa0e435b-c0e8-45e6-8f1a-b39035fced61', 2),
    ('3f2d1a97-15d7-4a84-91d1-04f330009368', '5a0a9206-2d58-43a1-905e-3398dddaaa4c', 1),
    ('3f2d1a97-15d7-4a84-91d1-04f330009368', '576cdd4e-91ab-41b3-b44b-a75f1fdd3088', 10),
    ('3f2d1a97-15d7-4a84-91d1-04f330009368', '8d70c00d-6453-4c70-b371-b281ae7c878e', 10),
    ('3f2d1a97-15d7-4a84-91d1-04f330009368', 'ab054628-2e13-481a-9c95-a89aa5c0ae97', 50),
    ('3f2d1a97-15d7-4a84-91d1-04f330009368', '77ec80bc-cd27-46b9-95f7-e81f42813b77', 100),
    ('3f2d1a97-15d7-4a84-91d1-04f330009368', '8ca38a7b-6398-4381-b9f8-06aff8d1ead1', 1),
    ('5e8aaaea-6bf5-490c-bd80-e9876590f111', '5b0f2906-7ece-4669-a175-4d1b0c586b2c', 10),
    ('5e8aaaea-6bf5-490c-bd80-e9876590f111', '12456459-c4bd-4638-901b-028c2dda1ae5', 100),
    ('5e8aaaea-6bf5-490c-bd80-e9876590f111', 'aa735720-f7a2-4223-a933-ca3b2f1bdc6b', 60),
    ('5e8aaaea-6bf5-490c-bd80-e9876590f111', '98891ad2-57b3-4928-895b-faf71ffc94a0', 60),
    ('5e8aaaea-6bf5-490c-bd80-e9876590f111', '5f708198-8f62-46b6-abfb-1e2e44147f7d', 150),
    ('1134740f-9890-4dd5-b5f6-08c53858ad1a', 'fa0e435b-c0e8-45e6-8f1a-b39035fced61', 2),
    ('1134740f-9890-4dd5-b5f6-08c53858ad1a', '5a0a9206-2d58-43a1-905e-3398dddaaa4c', 1),
    ('1134740f-9890-4dd5-b5f6-08c53858ad1a', '77ec80bc-cd27-46b9-95f7-e81f42813b77', 20),
    ('1134740f-9890-4dd5-b5f6-08c53858ad1a', '8d70c00d-6453-4c70-b371-b281ae7c878e', 10),
    ('1134740f-9890-4dd5-b5f6-08c53858ad1a', '8ca38a7b-6398-4381-b9f8-06aff8d1ead1', 1),
    ('1134740f-9890-4dd5-b5f6-08c53858ad1a', '576cdd4e-91ab-41b3-b44b-a75f1fdd3088', 10),
    ('ec135982-19c7-4659-80a9-6c6f1dcb6c74', '7a932d58-5fa9-431d-8253-fae2d84c4cc2', 70),
    ('ec135982-19c7-4659-80a9-6c6f1dcb6c74', '576cdd4e-91ab-41b3-b44b-a75f1fdd3088', 20),
    ('ec135982-19c7-4659-80a9-6c6f1dcb6c74', '77ec80bc-cd27-46b9-95f7-e81f42813b77', 20),
    ('ec135982-19c7-4659-80a9-6c6f1dcb6c74', '3da8b347-d9db-4892-8e8a-3e8a20877593', 1),
    ('ec135982-19c7-4659-80a9-6c6f1dcb6c74', '8ca38a7b-6398-4381-b9f8-06aff8d1ead1', 1),
    ('ec135982-19c7-4659-80a9-6c6f1dcb6c74', 'ab054628-2e13-481a-9c95-a89aa5c0ae97', 60),
    ('571054e4-6362-400e-890a-4269cb4bc4f2', '707a3b03-bc04-4e23-813f-03b2cb650857', 1),
    ('571054e4-6362-400e-890a-4269cb4bc4f2', '9076f7d4-fc8e-4cb8-aa32-32b9f59f47c6', 50),
    ('571054e4-6362-400e-890a-4269cb4bc4f2', 'b84d2879-eac3-48ac-a496-0ab623375675', 20),
    ('571054e4-6362-400e-890a-4269cb4bc4f2', '03ba5f37-e861-4231-95e6-140d802433b8', 200),
    ('571054e4-6362-400e-890a-4269cb4bc4f2', '8d70c00d-6453-4c70-b371-b281ae7c878e', 10),
    ('571054e4-6362-400e-890a-4269cb4bc4f2', '1b1af7f4-f25b-4c2d-a0d8-42fbd5f9262d', 200),
    ('2417a1cd-b606-43c0-ad6b-6a206ba593f3', '707a3b03-bc04-4e23-813f-03b2cb650857', 1),
    ('2417a1cd-b606-43c0-ad6b-6a206ba593f3', 'ebce7aee-38fc-40f0-96c1-e634d5096b65', 1),
    ('2417a1cd-b606-43c0-ad6b-6a206ba593f3', '6660dc09-dc42-47e3-9e10-fb79fb4594ff', 50),
    ('2417a1cd-b606-43c0-ad6b-6a206ba593f3', '8d1cd467-4540-4c80-9e6b-b465955bef03', 250),
    ('2417a1cd-b606-43c0-ad6b-6a206ba593f3', '8d70c00d-6453-4c70-b371-b281ae7c878e', 10),
    ('2417a1cd-b606-43c0-ad6b-6a206ba593f3', '0f789f4b-1833-4fec-bc3b-cd9cb0dd3dcd', 350),
    ('2417a1cd-b606-43c0-ad6b-6a206ba593f3', '32bda32f-d5a7-454c-8793-3d263a24e574', 40),
    ('901defbd-f1cf-4da4-8a07-1720179c28f2', '707a3b03-bc04-4e23-813f-03b2cb650857', 1),
    ('901defbd-f1cf-4da4-8a07-1720179c28f2', 'ebce7aee-38fc-40f0-96c1-e634d5096b65', 1),
    ('901defbd-f1cf-4da4-8a07-1720179c28f2', '60d5d2d7-a65a-4832-a063-a0abc8016478', 1),
    ('901defbd-f1cf-4da4-8a07-1720179c28f2', '8d1cd467-4540-4c80-9e6b-b465955bef03', 200),
    ('901defbd-f1cf-4da4-8a07-1720179c28f2', '8d70c00d-6453-4c70-b371-b281ae7c878e', 10),
    ('901defbd-f1cf-4da4-8a07-1720179c28f2', '0f789f4b-1833-4fec-bc3b-cd9cb0dd3dcd', 350),
    ('901defbd-f1cf-4da4-8a07-1720179c28f2', '0d82ad41-a264-4530-a53d-a128965c3294', 50),
    ('9ca31ce5-509a-4521-ab66-82cbe60d0d2e', '5a0a9206-2d58-43a1-905e-3398dddaaa4c', 1),
    ('9ca31ce5-509a-4521-ab66-82cbe60d0d2e', '8d1cd467-4540-4c80-9e6b-b465955bef03', 100),
    ('9ca31ce5-509a-4521-ab66-82cbe60d0d2e', '77ec80bc-cd27-46b9-95f7-e81f42813b77', 20),
    ('9ca31ce5-509a-4521-ab66-82cbe60d0d2e', '3da8b347-d9db-4892-8e8a-3e8a20877593', 1),
    ('9ca31ce5-509a-4521-ab66-82cbe60d0d2e', '8d70c00d-6453-4c70-b371-b281ae7c878e', 10),
    ('9ca31ce5-509a-4521-ab66-82cbe60d0d2e', '8ca38a7b-6398-4381-b9f8-06aff8d1ead1', 1),
    ('5c0bc000-bc6c-4b33-a759-965302b51799', 'e6e4e28e-8d95-43ce-b305-cfa97e77a62e', 150),
    ('5c0bc000-bc6c-4b33-a759-965302b51799', '03ba5f37-e861-4231-95e6-140d802433b8', 100),
    ('5c0bc000-bc6c-4b33-a759-965302b51799', '8d70c00d-6453-4c70-b371-b281ae7c878e', 10),
    ('5c0bc000-bc6c-4b33-a759-965302b51799', 'd7d3ce37-ab93-4b34-81f2-72bfb7c495d9', 4),
    ('5c0bc000-bc6c-4b33-a759-965302b51799', '0d82ad41-a264-4530-a53d-a128965c3294', 50),
    ('a04ae33f-9b8d-4331-846e-9bf84bc73708', '450803b9-e5cd-4070-b809-7ff69e373b35', 10),
    ('a04ae33f-9b8d-4331-846e-9bf84bc73708', '576cdd4e-91ab-41b3-b44b-a75f1fdd3088', 10),
    ('a04ae33f-9b8d-4331-846e-9bf84bc73708', '09ff919a-b701-49be-985d-c8a5e2cbd5ff', 180),
    ('a04ae33f-9b8d-4331-846e-9bf84bc73708', '77ec80bc-cd27-46b9-95f7-e81f42813b77', 20),
    ('a04ae33f-9b8d-4331-846e-9bf84bc73708', 'aa735720-f7a2-4223-a933-ca3b2f1bdc6b', 30),
    ('a04ae33f-9b8d-4331-846e-9bf84bc73708', '3da8b347-d9db-4892-8e8a-3e8a20877593', 1),
    ('a04ae33f-9b8d-4331-846e-9bf84bc73708', '95dec74c-e569-41fe-9a58-3b17c3ec1c33', 4),
    ('a04ae33f-9b8d-4331-846e-9bf84bc73708', '1fa20c3f-cfd7-4a40-ac07-b2b1077754bb', 1),
    ('a04ae33f-9b8d-4331-846e-9bf84bc73708', '8701d605-b61e-46a7-82c4-a79044838d9a', 40),
    ('a04ae33f-9b8d-4331-846e-9bf84bc73708', 'def3050c-66b1-47ab-976b-002093868e1f', 150),
    ('018e9f33-3f00-4fbd-9e6b-4678d0be8a81', 'ac9a1357-ac33-4ddc-b836-be5d110b6b39', 40),
    ('018e9f33-3f00-4fbd-9e6b-4678d0be8a81', '03ba5f37-e861-4231-95e6-140d802433b8', 300),
    ('018e9f33-3f00-4fbd-9e6b-4678d0be8a81', '8d70c00d-6453-4c70-b371-b281ae7c878e', 10),
    ('018e9f33-3f00-4fbd-9e6b-4678d0be8a81', '8ca38a7b-6398-4381-b9f8-06aff8d1ead1', 1),
    ('018e9f33-3f00-4fbd-9e6b-4678d0be8a81', '2f7fe7c9-8049-4726-8e18-737ec7214f6f', 120),
    ('f4f08d9f-54c5-47cc-ae03-0cc7f40e242c', '450803b9-e5cd-4070-b809-7ff69e373b35', 20),
    ('f4f08d9f-54c5-47cc-ae03-0cc7f40e242c', '94049215-0163-41fd-9822-e2f93423684c', 150),
    ('f4f08d9f-54c5-47cc-ae03-0cc7f40e242c', '576cdd4e-91ab-41b3-b44b-a75f1fdd3088', 30),
    ('f4f08d9f-54c5-47cc-ae03-0cc7f40e242c', 'f5e9c311-6168-4839-9097-fb77528e6d36', 200),
    ('f4f08d9f-54c5-47cc-ae03-0cc7f40e242c', 'def3050c-66b1-47ab-976b-002093868e1f', 200),
    ('d023d859-df43-4f1b-8d1c-81bf1f2a1494', '12456459-c4bd-4638-901b-028c2dda1ae5', 100),
    ('d023d859-df43-4f1b-8d1c-81bf1f2a1494', '66a4df63-3f2b-4577-975d-9564a4808c8b', 20),
    ('d023d859-df43-4f1b-8d1c-81bf1f2a1494', '98891ad2-57b3-4928-895b-faf71ffc94a0', 50),
    ('9fee21cd-d54e-4566-bb2a-2c3a38959dda', '5a0a9206-2d58-43a1-905e-3398dddaaa4c', 2),
    ('9fee21cd-d54e-4566-bb2a-2c3a38959dda', 'ac9a1357-ac33-4ddc-b836-be5d110b6b39', 30),
    ('9fee21cd-d54e-4566-bb2a-2c3a38959dda', '77ec80bc-cd27-46b9-95f7-e81f42813b77', 20),
    ('9fee21cd-d54e-4566-bb2a-2c3a38959dda', '2854ba0f-5672-4fcc-b64e-fe81f09c6f67', 0.5),
    ('9fee21cd-d54e-4566-bb2a-2c3a38959dda', '8ca38a7b-6398-4381-b9f8-06aff8d1ead1', 1),
    ('9fee21cd-d54e-4566-bb2a-2c3a38959dda', 'ab054628-2e13-481a-9c95-a89aa5c0ae97', 70),
    ('9fee21cd-d54e-4566-bb2a-2c3a38959dda', '576cdd4e-91ab-41b3-b44b-a75f1fdd3088', 20),
    ('d54d611b-ec76-4eab-b19c-24e47680d423', '707a3b03-bc04-4e23-813f-03b2cb650857', 0.5),
    ('d54d611b-ec76-4eab-b19c-24e47680d423', 'fa0e435b-c0e8-45e6-8f1a-b39035fced61', 1.2),
    ('d54d611b-ec76-4eab-b19c-24e47680d423', 'aa735720-f7a2-4223-a933-ca3b2f1bdc6b', 20),
    ('d54d611b-ec76-4eab-b19c-24e47680d423', '8d70c00d-6453-4c70-b371-b281ae7c878e', 10),
    ('d54d611b-ec76-4eab-b19c-24e47680d423', '1b1af7f4-f25b-4c2d-a0d8-42fbd5f9262d', 150),
    ('d54d611b-ec76-4eab-b19c-24e47680d423', '8ca38a7b-6398-4381-b9f8-06aff8d1ead1', 1),
    ('d54d611b-ec76-4eab-b19c-24e47680d423', '32bda32f-d5a7-454c-8793-3d263a24e574', 40),
    ('d54d611b-ec76-4eab-b19c-24e47680d423', 'ab054628-2e13-481a-9c95-a89aa5c0ae97', 40),
    ('bbeac773-3bbd-4039-9be0-79602e6ec3f4', '98170a70-681a-44c5-9c79-1e1d2544d5b0', 1),
    ('bbeac773-3bbd-4039-9be0-79602e6ec3f4', 'f817fc5d-a456-4734-b51b-85c564b89ac4', 1),
    ('bbeac773-3bbd-4039-9be0-79602e6ec3f4', 'fa0e435b-c0e8-45e6-8f1a-b39035fced61', 1),
    ('bbeac773-3bbd-4039-9be0-79602e6ec3f4', '2a092493-83fb-47c3-b5df-3b7e882596be', 90),
    ('bbeac773-3bbd-4039-9be0-79602e6ec3f4', 'aa735720-f7a2-4223-a933-ca3b2f1bdc6b', 80),
    ('bbeac773-3bbd-4039-9be0-79602e6ec3f4', '127f30cb-3934-4c2a-a12e-2074685618ff', 30),
    ('bbeac773-3bbd-4039-9be0-79602e6ec3f4', '8d70c00d-6453-4c70-b371-b281ae7c878e', 10),
    ('bbeac773-3bbd-4039-9be0-79602e6ec3f4', '0e72c535-d399-46c2-8e65-19431daf5bbe', 1),
    ('cea8e842-2f81-4c8c-8b68-d2a712742b70', 'fa0e435b-c0e8-45e6-8f1a-b39035fced61', 1),
    ('cea8e842-2f81-4c8c-8b68-d2a712742b70', '2a092493-83fb-47c3-b5df-3b7e882596be', 60),
    ('cea8e842-2f81-4c8c-8b68-d2a712742b70', '12456459-c4bd-4638-901b-028c2dda1ae5', 280),
    ('cea8e842-2f81-4c8c-8b68-d2a712742b70', 'aa735720-f7a2-4223-a933-ca3b2f1bdc6b', 50),
    ('cea8e842-2f81-4c8c-8b68-d2a712742b70', '8d70c00d-6453-4c70-b371-b281ae7c878e', 10),
    ('cea8e842-2f81-4c8c-8b68-d2a712742b70', '5f708198-8f62-46b6-abfb-1e2e44147f7d', 150),
    ('cea8e842-2f81-4c8c-8b68-d2a712742b70', 'c0b8b835-d06c-409c-9bb2-e88603f305be', 30),
    ('07426d8e-b4ae-408e-90b1-84c7b1846950', '12456459-c4bd-4638-901b-028c2dda1ae5', 10),
    ('07426d8e-b4ae-408e-90b1-84c7b1846950', '66a4df63-3f2b-4577-975d-9564a4808c8b', 20),
    ('07426d8e-b4ae-408e-90b1-84c7b1846950', '0d82ad41-a264-4530-a53d-a128965c3294', 50),
    ('07426d8e-b4ae-408e-90b1-84c7b1846950', '127f30cb-3934-4c2a-a12e-2074685618ff', 20),
    ('aea80f5a-38b9-4faa-aa65-31ac98e461c7', '7a932d58-5fa9-431d-8253-fae2d84c4cc2', 70),
    ('aea80f5a-38b9-4faa-aa65-31ac98e461c7', 'fa0e435b-c0e8-45e6-8f1a-b39035fced61', 2),
    ('aea80f5a-38b9-4faa-aa65-31ac98e461c7', '3da8b347-d9db-4892-8e8a-3e8a20877593', 1),
    ('aea80f5a-38b9-4faa-aa65-31ac98e461c7', '8ca38a7b-6398-4381-b9f8-06aff8d1ead1', 1),
    ('aea80f5a-38b9-4faa-aa65-31ac98e461c7', '978a1084-8286-47ce-a027-453c90d07a53', 40),
    ('aea80f5a-38b9-4faa-aa65-31ac98e461c7', 'ab054628-2e13-481a-9c95-a89aa5c0ae97', 70),
    ('c788f48a-eb7c-4225-9a10-8f09ec874c46', '4943ef05-b0c6-4e39-bf41-5254cabc3e3d', 1),
    ('c788f48a-eb7c-4225-9a10-8f09ec874c46', '7a932d58-5fa9-431d-8253-fae2d84c4cc2', 70),
    ('c788f48a-eb7c-4225-9a10-8f09ec874c46', 'fa0e435b-c0e8-45e6-8f1a-b39035fced61', 2),
    ('c788f48a-eb7c-4225-9a10-8f09ec874c46', '3da8b347-d9db-4892-8e8a-3e8a20877593', 1),
    ('c788f48a-eb7c-4225-9a10-8f09ec874c46', '8d70c00d-6453-4c70-b371-b281ae7c878e', 10),
    ('c788f48a-eb7c-4225-9a10-8f09ec874c46', '8ca38a7b-6398-4381-b9f8-06aff8d1ead1', 1),
    ('c788f48a-eb7c-4225-9a10-8f09ec874c46', '978a1084-8286-47ce-a027-453c90d07a53', 40),
    ('c788f48a-eb7c-4225-9a10-8f09ec874c46', 'ab054628-2e13-481a-9c95-a89aa5c0ae97', 70),
    ('4490d8dd-1c90-43ef-ade5-7ef9eaa7875a', '707a3b03-bc04-4e23-813f-03b2cb650857', 1),
    ('4490d8dd-1c90-43ef-ade5-7ef9eaa7875a', '7a932d58-5fa9-431d-8253-fae2d84c4cc2', 70),
    ('4490d8dd-1c90-43ef-ade5-7ef9eaa7875a', 'ebce7aee-38fc-40f0-96c1-e634d5096b65', 1),
    ('4490d8dd-1c90-43ef-ade5-7ef9eaa7875a', 'fa0e435b-c0e8-45e6-8f1a-b39035fced61', 3),
    ('4490d8dd-1c90-43ef-ade5-7ef9eaa7875a', '8d70c00d-6453-4c70-b371-b281ae7c878e', 10),
    ('4490d8dd-1c90-43ef-ade5-7ef9eaa7875a', '4c5b73fa-939c-4a60-bbb4-541b7da8c3df', 0.3),
    ('4490d8dd-1c90-43ef-ade5-7ef9eaa7875a', '8ca38a7b-6398-4381-b9f8-06aff8d1ead1', 2),
    ('dbaa6ec7-4c15-494f-8512-ab497fdbe3a1', '7a932d58-5fa9-431d-8253-fae2d84c4cc2', 70),
    ('dbaa6ec7-4c15-494f-8512-ab497fdbe3a1', 'fa0e435b-c0e8-45e6-8f1a-b39035fced61', 2),
    ('dbaa6ec7-4c15-494f-8512-ab497fdbe3a1', '9e31b03f-d238-4b6e-80ae-8b046dedbbac', 20),
    ('dbaa6ec7-4c15-494f-8512-ab497fdbe3a1', '3da8b347-d9db-4892-8e8a-3e8a20877593', 1),
    ('dbaa6ec7-4c15-494f-8512-ab497fdbe3a1', '4c5b73fa-939c-4a60-bbb4-541b7da8c3df', 0.5),
    ('dbaa6ec7-4c15-494f-8512-ab497fdbe3a1', 'ab054628-2e13-481a-9c95-a89aa5c0ae97', 50),
    ('db9a0a8c-0c2d-4459-9031-5b24f0c28afd', 'ebce7aee-38fc-40f0-96c1-e634d5096b65', 2),
    ('db9a0a8c-0c2d-4459-9031-5b24f0c28afd', '94049215-0163-41fd-9822-e2f93423684c', 150),
    ('db9a0a8c-0c2d-4459-9031-5b24f0c28afd', '780d17a9-4a96-4d47-aa3e-f17fb0acb862', 4),
    ('db9a0a8c-0c2d-4459-9031-5b24f0c28afd', '03ba5f37-e861-4231-95e6-140d802433b8', 200),
    ('db9a0a8c-0c2d-4459-9031-5b24f0c28afd', 'aa735720-f7a2-4223-a933-ca3b2f1bdc6b', 40),
    ('db9a0a8c-0c2d-4459-9031-5b24f0c28afd', '2a6625df-262e-4010-9f8d-e2d809a1810b', 100),
    ('db9a0a8c-0c2d-4459-9031-5b24f0c28afd', '8d70c00d-6453-4c70-b371-b281ae7c878e', 10),
    ('db9a0a8c-0c2d-4459-9031-5b24f0c28afd', 'f25884f9-4c67-4458-8a78-640acb629c47', 20),
    ('db9a0a8c-0c2d-4459-9031-5b24f0c28afd', '4c5b73fa-939c-4a60-bbb4-541b7da8c3df', 0.3),
    ('db9a0a8c-0c2d-4459-9031-5b24f0c28afd', '1604eb52-d9da-4b0d-ac92-a8f54c39653f', 1),
    ('db9a0a8c-0c2d-4459-9031-5b24f0c28afd', '0b4e5526-fc1c-4ba7-9aaa-5406cded3435', 50),
    ('db9a0a8c-0c2d-4459-9031-5b24f0c28afd', 'a94d8389-e13f-4a39-a6a6-e83d9cb8505d', 2),
    ('eda02b58-7454-48e7-b943-a785702ca17a', 'ebce7aee-38fc-40f0-96c1-e634d5096b65', 1),
    ('eda02b58-7454-48e7-b943-a785702ca17a', '94049215-0163-41fd-9822-e2f93423684c', 100),
    ('eda02b58-7454-48e7-b943-a785702ca17a', '668b62d1-7a13-4c87-b102-38d8c7537d40', 1),
    ('eda02b58-7454-48e7-b943-a785702ca17a', '03ba5f37-e861-4231-95e6-140d802433b8', 200),
    ('eda02b58-7454-48e7-b943-a785702ca17a', '8d70c00d-6453-4c70-b371-b281ae7c878e', 10),
    ('eda02b58-7454-48e7-b943-a785702ca17a', '4c5b73fa-939c-4a60-bbb4-541b7da8c3df', 0.5),
    ('eda02b58-7454-48e7-b943-a785702ca17a', '0d82ad41-a264-4530-a53d-a128965c3294', 50),
    ('eda02b58-7454-48e7-b943-a785702ca17a', 'b18675bd-cc6c-4856-a9b4-7666483df00a', 3),
    ('3e697b08-cc36-4308-baff-536f8b3c08a7', 'ebce7aee-38fc-40f0-96c1-e634d5096b65', 1),
    ('3e697b08-cc36-4308-baff-536f8b3c08a7', '03ba5f37-e861-4231-95e6-140d802433b8', 200),
    ('3e697b08-cc36-4308-baff-536f8b3c08a7', '8d70c00d-6453-4c70-b371-b281ae7c878e', 10),
    ('3e697b08-cc36-4308-baff-536f8b3c08a7', '4c5b73fa-939c-4a60-bbb4-541b7da8c3df', 0.5),
    ('3e697b08-cc36-4308-baff-536f8b3c08a7', '0f789f4b-1833-4fec-bc3b-cd9cb0dd3dcd', 100),
    ('3e697b08-cc36-4308-baff-536f8b3c08a7', '32bda32f-d5a7-454c-8793-3d263a24e574', 20),
    ('3e697b08-cc36-4308-baff-536f8b3c08a7', 'def3050c-66b1-47ab-976b-002093868e1f', 300),
    ('a06db83d-8848-4369-a997-d03c5d5ecf8d', 'ca5f3db0-42f4-4eb3-b4b4-1105e594c21e', 200),
    ('a06db83d-8848-4369-a997-d03c5d5ecf8d', '29b622dc-d7c1-4b30-8378-723fc9f61a87', 100),
    ('a06db83d-8848-4369-a997-d03c5d5ecf8d', '707a3b03-bc04-4e23-813f-03b2cb650857', 0.5),
    ('a06db83d-8848-4369-a997-d03c5d5ecf8d', '2e0e0fe9-337f-441b-87b5-04120553c3a9', 50),
    ('a06db83d-8848-4369-a997-d03c5d5ecf8d', '94049215-0163-41fd-9822-e2f93423684c', 200),
    ('a06db83d-8848-4369-a997-d03c5d5ecf8d', '9076f7d4-fc8e-4cb8-aa32-32b9f59f47c6', 50),
    ('a06db83d-8848-4369-a997-d03c5d5ecf8d', 'b84d2879-eac3-48ac-a496-0ab623375675', 10),
    ('ec6260df-dd76-4599-ade2-6284707cc8ce', '19df1d6b-ad64-4d47-acc9-a8c5aab11046', 200),
    ('ec6260df-dd76-4599-ade2-6284707cc8ce', '1b1af7f4-f25b-4c2d-a0d8-42fbd5f9262d', 200),
    ('ec6260df-dd76-4599-ade2-6284707cc8ce', '707a3b03-bc04-4e23-813f-03b2cb650857', 0.5),
    ('ec6260df-dd76-4599-ade2-6284707cc8ce', '576cdd4e-91ab-41b3-b44b-a75f1fdd3088', 10),
    ('ec6260df-dd76-4599-ade2-6284707cc8ce', '60d5d2d7-a65a-4832-a063-a0abc8016478', 1),
    ('ec6260df-dd76-4599-ade2-6284707cc8ce', '0f789f4b-1833-4fec-bc3b-cd9cb0dd3dcd', 130),
    ('ec6260df-dd76-4599-ade2-6284707cc8ce', '9076f7d4-fc8e-4cb8-aa32-32b9f59f47c6', 50),
    ('f62748d6-eb15-4c39-8ffd-78160b1babe5', '03ba5f37-e861-4231-95e6-140d802433b8', 200),
    ('f62748d6-eb15-4c39-8ffd-78160b1babe5', '9ca6b93f-c7d9-4574-9ecd-92b71c358834', 200),
    ('f62748d6-eb15-4c39-8ffd-78160b1babe5', '1b1af7f4-f25b-4c2d-a0d8-42fbd5f9262d', 150),
    ('f62748d6-eb15-4c39-8ffd-78160b1babe5', '707a3b03-bc04-4e23-813f-03b2cb650857', 0.5),
    ('f62748d6-eb15-4c39-8ffd-78160b1babe5', '8d70c00d-6453-4c70-b371-b281ae7c878e', 10),
    ('f62748d6-eb15-4c39-8ffd-78160b1babe5', '0b8562a3-ca56-4135-9b8a-038bddd1b4bc', 50),
    ('4c805501-e044-4ff7-9f34-6ae05ac80f8d', '0d82ad41-a264-4530-a53d-a128965c3294', 50),
    ('4c805501-e044-4ff7-9f34-6ae05ac80f8d', 'fad29d9f-be76-4c23-88a0-20c8b42b17fd', 150),
    ('4c805501-e044-4ff7-9f34-6ae05ac80f8d', '77ec80bc-cd27-46b9-95f7-e81f42813b77', 100),
    ('4c805501-e044-4ff7-9f34-6ae05ac80f8d', '2e0e0fe9-337f-441b-87b5-04120553c3a9', 50),
    ('c494bda6-a36f-49d9-8be9-5ce57557ee72', 'def3050c-66b1-47ab-976b-002093868e1f', 200),
    ('c494bda6-a36f-49d9-8be9-5ce57557ee72', 'fa0e435b-c0e8-45e6-8f1a-b39035fced61', 3),
    ('c494bda6-a36f-49d9-8be9-5ce57557ee72', '565aafa2-7240-4466-b00c-b0e83bd4ae73', 250),
    ('c494bda6-a36f-49d9-8be9-5ce57557ee72', '3da8b347-d9db-4892-8e8a-3e8a20877593', 1),
    ('c494bda6-a36f-49d9-8be9-5ce57557ee72', '77ec80bc-cd27-46b9-95f7-e81f42813b77', 100),
    ('c494bda6-a36f-49d9-8be9-5ce57557ee72', '8d70c00d-6453-4c70-b371-b281ae7c878e', 10),
    ('c494bda6-a36f-49d9-8be9-5ce57557ee72', '9e31b03f-d238-4b6e-80ae-8b046dedbbac', 20),
    ('a3e9cfaf-5a58-4ff2-bb4a-254a308ceaa0', '03ba5f37-e861-4231-95e6-140d802433b8', 200),
    ('a3e9cfaf-5a58-4ff2-bb4a-254a308ceaa0', 'ccf6a7ab-3d23-4651-a806-1dbaeb6cdcb1', 50),
    ('a3e9cfaf-5a58-4ff2-bb4a-254a308ceaa0', 'f1e3ecee-d653-47dd-b85a-bab9fac9673e', 50),
    ('a3e9cfaf-5a58-4ff2-bb4a-254a308ceaa0', '4c5b73fa-939c-4a60-bbb4-541b7da8c3df', 0.5),
    ('a3e9cfaf-5a58-4ff2-bb4a-254a308ceaa0', '668b62d1-7a13-4c87-b102-38d8c7537d40', 1),
    ('a3e9cfaf-5a58-4ff2-bb4a-254a308ceaa0', '8d70c00d-6453-4c70-b371-b281ae7c878e', 10),
    ('a3e9cfaf-5a58-4ff2-bb4a-254a308ceaa0', 'ac9a1357-ac33-4ddc-b836-be5d110b6b39', 30),
    ('a3e9cfaf-5a58-4ff2-bb4a-254a308ceaa0', 'bf7afb5e-b842-4826-8051-1fa6e014a01c', 1),
    ('1993fe45-4a47-4b42-bb83-2a102abd4193', '03ba5f37-e861-4231-95e6-140d802433b8', 200),
    ('1993fe45-4a47-4b42-bb83-2a102abd4193', '0b8562a3-ca56-4135-9b8a-038bddd1b4bc', 50),
    ('1993fe45-4a47-4b42-bb83-2a102abd4193', 'ffd10bce-b3f7-4031-a66a-3ae96da32f29', 100),
    ('1993fe45-4a47-4b42-bb83-2a102abd4193', '668b62d1-7a13-4c87-b102-38d8c7537d40', 2),
    ('1993fe45-4a47-4b42-bb83-2a102abd4193', '20406f4f-4b04-40b9-9f32-729bc107589c', 3),
    ('1993fe45-4a47-4b42-bb83-2a102abd4193', '9e31b03f-d238-4b6e-80ae-8b046dedbbac', 40),
    ('1993fe45-4a47-4b42-bb83-2a102abd4193', '66a4df63-3f2b-4577-975d-9564a4808c8b', 20),
    ('6b84cb0f-25a6-43fa-ba33-05682090f131', '03ba5f37-e861-4231-95e6-140d802433b8', 200),
    ('6b84cb0f-25a6-43fa-ba33-05682090f131', '0d82ad41-a264-4530-a53d-a128965c3294', 50),
    ('6b84cb0f-25a6-43fa-ba33-05682090f131', '575e6021-6f66-48df-bbbc-81353b276f04', 150),
    ('6b84cb0f-25a6-43fa-ba33-05682090f131', '8d70c00d-6453-4c70-b371-b281ae7c878e', 10),
    ('c07818e4-e44f-4b08-8a47-60f45bb0dd57', '03ba5f37-e861-4231-95e6-140d802433b8', 200),
    ('c07818e4-e44f-4b08-8a47-60f45bb0dd57', '0b8562a3-ca56-4135-9b8a-038bddd1b4bc', 50),
    ('c07818e4-e44f-4b08-8a47-60f45bb0dd57', '2ccc4176-172e-494c-9863-c63f6113acc1', 300),
    ('c07818e4-e44f-4b08-8a47-60f45bb0dd57', '8d70c00d-6453-4c70-b371-b281ae7c878e', 10),
    ('903490da-9d34-4270-ab7e-82635c8ad0e0', '03ba5f37-e861-4231-95e6-140d802433b8', 200),
    ('903490da-9d34-4270-ab7e-82635c8ad0e0', 'abbe0798-67e8-413a-ba96-e4460e813c25', 30),
    ('903490da-9d34-4270-ab7e-82635c8ad0e0', '0b70da6c-14dd-43bd-b699-8f2ed66520e1', 7),
    ('903490da-9d34-4270-ab7e-82635c8ad0e0', 'd7d3ce37-ab93-4b34-81f2-72bfb7c495d9', 2),
    ('903490da-9d34-4270-ab7e-82635c8ad0e0', 'd6e43294-b0d6-44cc-846d-2718a8e4172d', 10),
    ('903490da-9d34-4270-ab7e-82635c8ad0e0', 'd85e108a-9a38-4623-94cf-5bb7b7fbe504', 10),
    ('903490da-9d34-4270-ab7e-82635c8ad0e0', '95dec74c-e569-41fe-9a58-3b17c3ec1c33', 4),
    ('903490da-9d34-4270-ab7e-82635c8ad0e0', '77ec80bc-cd27-46b9-95f7-e81f42813b77', 50),
    ('903490da-9d34-4270-ab7e-82635c8ad0e0', '8d70c00d-6453-4c70-b371-b281ae7c878e', 10),
    ('903490da-9d34-4270-ab7e-82635c8ad0e0', '7a932d58-5fa9-431d-8253-fae2d84c4cc2', 50),
    ('9cc1a904-ee5b-4e6d-a901-20149bf439be', '03ba5f37-e861-4231-95e6-140d802433b8', 200),
    ('9cc1a904-ee5b-4e6d-a901-20149bf439be', 'def3050c-66b1-47ab-976b-002093868e1f', 300),
    ('9cc1a904-ee5b-4e6d-a901-20149bf439be', '8d70c00d-6453-4c70-b371-b281ae7c878e', 10),
    ('9cc1a904-ee5b-4e6d-a901-20149bf439be', '2e0e0fe9-337f-441b-87b5-04120553c3a9', 50),
    ('9cc1a904-ee5b-4e6d-a901-20149bf439be', 'ebce7aee-38fc-40f0-96c1-e634d5096b65', 1),
    ('3e75f081-cc47-4b34-9941-aacd58f5ff2a', 'def3050c-66b1-47ab-976b-002093868e1f', 300),
    ('3e75f081-cc47-4b34-9941-aacd58f5ff2a', '03ba5f37-e861-4231-95e6-140d802433b8', 150),
    ('3e75f081-cc47-4b34-9941-aacd58f5ff2a', '1b1af7f4-f25b-4c2d-a0d8-42fbd5f9262d', 150),
    ('3e75f081-cc47-4b34-9941-aacd58f5ff2a', '8d70c00d-6453-4c70-b371-b281ae7c878e', 10),
    ('3e75f081-cc47-4b34-9941-aacd58f5ff2a', '0c1c2fe3-6da8-441e-aabf-140402bf349b', 30),
    ('3e75f081-cc47-4b34-9941-aacd58f5ff2a', 'c61aafd9-900e-495d-837d-1a0f0b184970', 40),
    ('861da7f9-dec9-4bbe-b568-ec78ea815387', '03ba5f37-e861-4231-95e6-140d802433b8', 200),
    ('861da7f9-dec9-4bbe-b568-ec78ea815387', '0b8562a3-ca56-4135-9b8a-038bddd1b4bc', 50),
    ('861da7f9-dec9-4bbe-b568-ec78ea815387', '8d70c00d-6453-4c70-b371-b281ae7c878e', 10),
    ('861da7f9-dec9-4bbe-b568-ec78ea815387', 'd7d3ce37-ab93-4b34-81f2-72bfb7c495d9', 3),
    ('861da7f9-dec9-4bbe-b568-ec78ea815387', '57c8c941-e6ca-4a3c-a33a-5ec8434f0f26', 50),
    ('15fd9851-40f3-4af6-9021-b6120b74045d', '0b8562a3-ca56-4135-9b8a-038bddd1b4bc', 50),
    ('15fd9851-40f3-4af6-9021-b6120b74045d', '03ba5f37-e861-4231-95e6-140d802433b8', 200),
    ('15fd9851-40f3-4af6-9021-b6120b74045d', '0f789f4b-1833-4fec-bc3b-cd9cb0dd3dcd', 150),
    ('15fd9851-40f3-4af6-9021-b6120b74045d', '997595ec-6b9a-47b0-8d3b-b7978428302c', 20),
    ('15fd9851-40f3-4af6-9021-b6120b74045d', '0b70da6c-14dd-43bd-b699-8f2ed66520e1', 8),
    ('15fd9851-40f3-4af6-9021-b6120b74045d', '8d70c00d-6453-4c70-b371-b281ae7c878e', 10),
    ('2705a0a2-edb8-4935-88e9-544a8724a8cd', '0b4e5526-fc1c-4ba7-9aaa-5406cded3435', 50),
    ('2705a0a2-edb8-4935-88e9-544a8724a8cd', '03ba5f37-e861-4231-95e6-140d802433b8', 200),
    ('2705a0a2-edb8-4935-88e9-544a8724a8cd', '4f5fa070-6f55-400b-9c55-f127fcb8e5e4', 1),
    ('2705a0a2-edb8-4935-88e9-544a8724a8cd', '455ca5bd-8e69-4924-8a23-1db2081f4503', 150),
    ('2705a0a2-edb8-4935-88e9-544a8724a8cd', '4c5b73fa-939c-4a60-bbb4-541b7da8c3df', 0.5),
    ('2705a0a2-edb8-4935-88e9-544a8724a8cd', '780d17a9-4a96-4d47-aa3e-f17fb0acb862', 6),
    ('2705a0a2-edb8-4935-88e9-544a8724a8cd', 'a94d8389-e13f-4a39-a6a6-e83d9cb8505d', 1),
    ('2705a0a2-edb8-4935-88e9-544a8724a8cd', '8d70c00d-6453-4c70-b371-b281ae7c878e', 10),
    ('f6664f59-fa64-4dc4-b433-6a2b3bf4e967', 'c7528994-eed1-482f-9462-367bbb8df6ba', 100),
    ('f6664f59-fa64-4dc4-b433-6a2b3bf4e967', 'fa0e435b-c0e8-45e6-8f1a-b39035fced61', 3),
    ('f6664f59-fa64-4dc4-b433-6a2b3bf4e967', '7a932d58-5fa9-431d-8253-fae2d84c4cc2', 60),
    ('f6664f59-fa64-4dc4-b433-6a2b3bf4e967', '978a1084-8286-47ce-a027-453c90d07a53', 40),
    ('23d2bbb0-44bd-4c1c-8419-f72629119314', '03ba5f37-e861-4231-95e6-140d802433b8', 200),
    ('23d2bbb0-44bd-4c1c-8419-f72629119314', 'c9bd353a-3903-4427-a230-b6af65e776ce', 50),
    ('23d2bbb0-44bd-4c1c-8419-f72629119314', '20406f4f-4b04-40b9-9f32-729bc107589c', 2),
    ('23d2bbb0-44bd-4c1c-8419-f72629119314', '8d70c00d-6453-4c70-b371-b281ae7c878e', 10),
    ('23d2bbb0-44bd-4c1c-8419-f72629119314', '4c5b73fa-939c-4a60-bbb4-541b7da8c3df', 0.5),
    ('23d2bbb0-44bd-4c1c-8419-f72629119314', 'ebce7aee-38fc-40f0-96c1-e634d5096b65', 1),
    ('23d2bbb0-44bd-4c1c-8419-f72629119314', '707a3b03-bc04-4e23-813f-03b2cb650857', 0.3),
    ('463bfda2-0b7c-401e-a270-6d7bc3f46449', '8d1cd467-4540-4c80-9e6b-b465955bef03', 200),
    ('463bfda2-0b7c-401e-a270-6d7bc3f46449', 'def3050c-66b1-47ab-976b-002093868e1f', 150),
    ('463bfda2-0b7c-401e-a270-6d7bc3f46449', 'aa735720-f7a2-4223-a933-ca3b2f1bdc6b', 40),
    ('463bfda2-0b7c-401e-a270-6d7bc3f46449', '707a3b03-bc04-4e23-813f-03b2cb650857', 0.5),
    ('463bfda2-0b7c-401e-a270-6d7bc3f46449', 'ebce7aee-38fc-40f0-96c1-e634d5096b65', 1),
    ('463bfda2-0b7c-401e-a270-6d7bc3f46449', '576cdd4e-91ab-41b3-b44b-a75f1fdd3088', 10),
    ('463bfda2-0b7c-401e-a270-6d7bc3f46449', '8d70c00d-6453-4c70-b371-b281ae7c878e', 10),
    ('463bfda2-0b7c-401e-a270-6d7bc3f46449', '53c1e40c-aa95-4040-8223-f93f64ab298a', 100),
    ('3ee97f97-6159-4684-8639-6fefe5f6c1a7', '03ba5f37-e861-4231-95e6-140d802433b8', 200),
    ('3ee97f97-6159-4684-8639-6fefe5f6c1a7', 'ccf6a7ab-3d23-4651-a806-1dbaeb6cdcb1', 50),
    ('3ee97f97-6159-4684-8639-6fefe5f6c1a7', '81b56d72-dd33-4d6d-b937-266c23d0eb28', 300),
    ('3ee97f97-6159-4684-8639-6fefe5f6c1a7', '20406f4f-4b04-40b9-9f32-729bc107589c', 1),
    ('3ee97f97-6159-4684-8639-6fefe5f6c1a7', '9e31b03f-d238-4b6e-80ae-8b046dedbbac', 20),
    ('3ee97f97-6159-4684-8639-6fefe5f6c1a7', 'bf7afb5e-b842-4826-8051-1fa6e014a01c', 1),
    ('3ee97f97-6159-4684-8639-6fefe5f6c1a7', '8d70c00d-6453-4c70-b371-b281ae7c878e', 10),
    ('762cb31d-6fd6-4ec1-9e0c-a477856ca37c', '2854ba0f-5672-4fcc-b64e-fe81f09c6f67', 0.2),
    ('762cb31d-6fd6-4ec1-9e0c-a477856ca37c', '4c5b73fa-939c-4a60-bbb4-541b7da8c3df', 0.5),
    ('762cb31d-6fd6-4ec1-9e0c-a477856ca37c', '8ca38a7b-6398-4381-b9f8-06aff8d1ead1', 1),
    ('762cb31d-6fd6-4ec1-9e0c-a477856ca37c', '894e2ac8-60b3-496a-abf5-0fb5c0590d8f', 20),
    ('762cb31d-6fd6-4ec1-9e0c-a477856ca37c', '2f7fe7c9-8049-4726-8e18-737ec7214f6f', 60),
    ('762cb31d-6fd6-4ec1-9e0c-a477856ca37c', 'fa343ac9-184c-432d-b89e-0614fe2e70ef', 70),
    ('eb4a412f-c6ce-4b0e-9093-d456fe8bf592', 'fa0e435b-c0e8-45e6-8f1a-b39035fced61', 2),
    ('eb4a412f-c6ce-4b0e-9093-d456fe8bf592', '8d70c00d-6453-4c70-b371-b281ae7c878e', 10),
    ('eb4a412f-c6ce-4b0e-9093-d456fe8bf592', '8ca38a7b-6398-4381-b9f8-06aff8d1ead1', 0.5),
    ('eb4a412f-c6ce-4b0e-9093-d456fe8bf592', '3e8cdda1-cbc7-4625-8b8f-c79e1d5a7a0e', 60),
    ('62c30406-d20c-472d-ae30-219051b78004', 'fa0e435b-c0e8-45e6-8f1a-b39035fced61', 1),
    ('62c30406-d20c-472d-ae30-219051b78004', 'e6e4e28e-8d95-43ce-b305-cfa97e77a62e', 50),
    ('62c30406-d20c-472d-ae30-219051b78004', 'a0c0f158-e64f-4e79-9365-a42bbabf76f4', 20),
    ('62c30406-d20c-472d-ae30-219051b78004', '7a932d58-5fa9-431d-8253-fae2d84c4cc2', 50),
    ('2f6abd58-c8fa-4ce1-b528-4aac793a47c6', 'b983de08-ab1e-4c84-afa7-b7511d84fd16', 240),
    ('2f6abd58-c8fa-4ce1-b528-4aac793a47c6', '2854ba0f-5672-4fcc-b64e-fe81f09c6f67', 0.5),
    ('2f6abd58-c8fa-4ce1-b528-4aac793a47c6', '8ca38a7b-6398-4381-b9f8-06aff8d1ead1', 2),
    ('2f6abd58-c8fa-4ce1-b528-4aac793a47c6', '9d90672e-b679-4156-b355-b4e3babc0469', 1),
    ('2f6abd58-c8fa-4ce1-b528-4aac793a47c6', '8d70c00d-6453-4c70-b371-b281ae7c878e', 10),
    ('2f6abd58-c8fa-4ce1-b528-4aac793a47c6', '707a3b03-bc04-4e23-813f-03b2cb650857', 0.5),
    ('1bb0187f-0759-4d62-b6fe-218083f2c547', '3e8cdda1-cbc7-4625-8b8f-c79e1d5a7a0e', 60),
    ('1bb0187f-0759-4d62-b6fe-218083f2c547', '57c8c941-e6ca-4a3c-a33a-5ec8434f0f26', 100),
    ('1bb0187f-0759-4d62-b6fe-218083f2c547', 'ebce7aee-38fc-40f0-96c1-e634d5096b65', 1),
    ('1bb0187f-0759-4d62-b6fe-218083f2c547', '8d70c00d-6453-4c70-b371-b281ae7c878e', 10),
    ('1bb0187f-0759-4d62-b6fe-218083f2c547', '707a3b03-bc04-4e23-813f-03b2cb650857', 0.5),
    ('1bb0187f-0759-4d62-b6fe-218083f2c547', 'fa0e435b-c0e8-45e6-8f1a-b39035fced61', 4),
    ('1bb0187f-0759-4d62-b6fe-218083f2c547', '468f10ad-30c5-408e-b3f2-93f2d6506195', 10),
    ('6e897b94-3530-4b4e-9655-3034b6d57dcc', 'ec33027b-a7d4-466a-9408-6efc7d8e35a9', 260),
    ('6e897b94-3530-4b4e-9655-3034b6d57dcc', '46ae5b47-f175-4334-bec5-e10ccafcae76', 80),
    ('6e897b94-3530-4b4e-9655-3034b6d57dcc', '0e72c535-d399-46c2-8e65-19431daf5bbe', 1),
    ('6e897b94-3530-4b4e-9655-3034b6d57dcc', 'feb29d31-61dc-4ca0-8233-0d1fd502c1de', 10),
    ('6e897b94-3530-4b4e-9655-3034b6d57dcc', '455ca5bd-8e69-4924-8a23-1db2081f4503', 500),
    ('6e897b94-3530-4b4e-9655-3034b6d57dcc', '707a3b03-bc04-4e23-813f-03b2cb650857', 0.5),
    ('6e897b94-3530-4b4e-9655-3034b6d57dcc', 'ebce7aee-38fc-40f0-96c1-e634d5096b65', 2),
    ('6e897b94-3530-4b4e-9655-3034b6d57dcc', 'e6e4e28e-8d95-43ce-b305-cfa97e77a62e', 260),
    ('6e897b94-3530-4b4e-9655-3034b6d57dcc', 'fa0e435b-c0e8-45e6-8f1a-b39035fced61', 3),
    ('9b3775a5-444e-4da0-ae02-ac71bca117cf', '7a932d58-5fa9-431d-8253-fae2d84c4cc2', 60),
    ('9b3775a5-444e-4da0-ae02-ac71bca117cf', '4943ef05-b0c6-4e39-bf41-5254cabc3e3d', 0.5),
    ('9b3775a5-444e-4da0-ae02-ac71bca117cf', 'fa0e435b-c0e8-45e6-8f1a-b39035fced61', 2),
    ('9b3775a5-444e-4da0-ae02-ac71bca117cf', 'ab054628-2e13-481a-9c95-a89aa5c0ae97', 40),
    ('8358d494-8c44-45d7-ba75-02c93790fa70', 'fa0e435b-c0e8-45e6-8f1a-b39035fced61', 1),
    ('8358d494-8c44-45d7-ba75-02c93790fa70', '98d486d8-f052-42cb-9866-b9cbb87175e3', 60),
    ('8358d494-8c44-45d7-ba75-02c93790fa70', 'aa735720-f7a2-4223-a933-ca3b2f1bdc6b', 50),
    ('8358d494-8c44-45d7-ba75-02c93790fa70', 'c0b8b835-d06c-409c-9bb2-e88603f305be', 30),
    ('8358d494-8c44-45d7-ba75-02c93790fa70', '8d70c00d-6453-4c70-b371-b281ae7c878e', 10),
    ('8358d494-8c44-45d7-ba75-02c93790fa70', '5f708198-8f62-46b6-abfb-1e2e44147f7d', 150),
    ('8358d494-8c44-45d7-ba75-02c93790fa70', 'ae24ebe0-6af7-4125-a19d-e74c2b9edd94', 30),
    ('84039ffa-d26c-4648-ac45-e8ad0c5f5f15', '03ba5f37-e861-4231-95e6-140d802433b8', 200),
    ('84039ffa-d26c-4648-ac45-e8ad0c5f5f15', '0d82ad41-a264-4530-a53d-a128965c3294', 50),
    ('84039ffa-d26c-4648-ac45-e8ad0c5f5f15', '8d70c00d-6453-4c70-b371-b281ae7c878e', 10),
    ('84039ffa-d26c-4648-ac45-e8ad0c5f5f15', '57c8c941-e6ca-4a3c-a33a-5ec8434f0f26', 100),
    ('84039ffa-d26c-4648-ac45-e8ad0c5f5f15', '8ca38a7b-6398-4381-b9f8-06aff8d1ead1', 1),
    ('4c62442d-fa84-45cd-a952-a1f221c4587d', 'def3050c-66b1-47ab-976b-002093868e1f', 250),
    ('4c62442d-fa84-45cd-a952-a1f221c4587d', 'fa0e435b-c0e8-45e6-8f1a-b39035fced61', 1),
    ('4c62442d-fa84-45cd-a952-a1f221c4587d', '707a3b03-bc04-4e23-813f-03b2cb650857', 0.5),
    ('4c62442d-fa84-45cd-a952-a1f221c4587d', '576cdd4e-91ab-41b3-b44b-a75f1fdd3088', 10),
    ('4c62442d-fa84-45cd-a952-a1f221c4587d', '55cd8919-b892-4c9b-9e66-0cce0a53244d', 10),
    ('4c62442d-fa84-45cd-a952-a1f221c4587d', 'e923caba-dfee-4888-abd9-fbb71807a0c4', 30),
    ('4c62442d-fa84-45cd-a952-a1f221c4587d', 'ab054628-2e13-481a-9c95-a89aa5c0ae97', 40),
    ('4c62442d-fa84-45cd-a952-a1f221c4587d', '32bda32f-d5a7-454c-8793-3d263a24e574', 20),
    ('4c62442d-fa84-45cd-a952-a1f221c4587d', '4943ef05-b0c6-4e39-bf41-5254cabc3e3d', 0.3),
    ('4c62442d-fa84-45cd-a952-a1f221c4587d', '8ca38a7b-6398-4381-b9f8-06aff8d1ead1', 0.5),
    ('469010ce-6db7-4c29-9e32-c0ee04d9c7ae', '03ba5f37-e861-4231-95e6-140d802433b8', 200),
    ('469010ce-6db7-4c29-9e32-c0ee04d9c7ae', '9076f7d4-fc8e-4cb8-aa32-32b9f59f47c6', 50),
    ('469010ce-6db7-4c29-9e32-c0ee04d9c7ae', '8d70c00d-6453-4c70-b371-b281ae7c878e', 10),
    ('469010ce-6db7-4c29-9e32-c0ee04d9c7ae', 'd7d3ce37-ab93-4b34-81f2-72bfb7c495d9', 2),
    ('469010ce-6db7-4c29-9e32-c0ee04d9c7ae', '77dd1ef5-749c-43a0-bea4-48d3f11376a0', 150),
    ('469010ce-6db7-4c29-9e32-c0ee04d9c7ae', '455ca5bd-8e69-4924-8a23-1db2081f4503', 100),
    ('469010ce-6db7-4c29-9e32-c0ee04d9c7ae', '707a3b03-bc04-4e23-813f-03b2cb650857', 0.5),
    ('469010ce-6db7-4c29-9e32-c0ee04d9c7ae', 'ebce7aee-38fc-40f0-96c1-e634d5096b65', 2),
    ('469010ce-6db7-4c29-9e32-c0ee04d9c7ae', '60d5d2d7-a65a-4832-a063-a0abc8016478', 1),
    ('9851acd1-37fd-4832-99a0-aad05f4f749f', '3d78dc06-1db3-4136-92f5-327c2ce8345a', 80),
    ('9851acd1-37fd-4832-99a0-aad05f4f749f', 'aa735720-f7a2-4223-a933-ca3b2f1bdc6b', 350),
    ('9851acd1-37fd-4832-99a0-aad05f4f749f', '5b0f2906-7ece-4669-a175-4d1b0c586b2c', 10),
    ('9851acd1-37fd-4832-99a0-aad05f4f749f', '12456459-c4bd-4638-901b-028c2dda1ae5', 70),
    ('9851acd1-37fd-4832-99a0-aad05f4f749f', '127f30cb-3934-4c2a-a12e-2074685618ff', 20),
    ('5f670d30-6ef0-49e5-b6b4-b2e2791944ee', '03ba5f37-e861-4231-95e6-140d802433b8', 200),
    ('5f670d30-6ef0-49e5-b6b4-b2e2791944ee', '8d70c00d-6453-4c70-b371-b281ae7c878e', 10),
    ('5f670d30-6ef0-49e5-b6b4-b2e2791944ee', '576cdd4e-91ab-41b3-b44b-a75f1fdd3088', 20),
    ('5f670d30-6ef0-49e5-b6b4-b2e2791944ee', '4c5b73fa-939c-4a60-bbb4-541b7da8c3df', 1),
    ('5f670d30-6ef0-49e5-b6b4-b2e2791944ee', '60d5d2d7-a65a-4832-a063-a0abc8016478', 1),
    ('5f670d30-6ef0-49e5-b6b4-b2e2791944ee', '1b1af7f4-f25b-4c2d-a0d8-42fbd5f9262d', 200),
    ('5f670d30-6ef0-49e5-b6b4-b2e2791944ee', '0f789f4b-1833-4fec-bc3b-cd9cb0dd3dcd', 200),
    ('5f670d30-6ef0-49e5-b6b4-b2e2791944ee', '707a3b03-bc04-4e23-813f-03b2cb650857', 0.5),
    ('5f670d30-6ef0-49e5-b6b4-b2e2791944ee', 'ebce7aee-38fc-40f0-96c1-e634d5096b65', 2),
    ('5f670d30-6ef0-49e5-b6b4-b2e2791944ee', '2a092493-83fb-47c3-b5df-3b7e882596be', 10),
    ('5f670d30-6ef0-49e5-b6b4-b2e2791944ee', '7a932d58-5fa9-431d-8253-fae2d84c4cc2', 50),
    ('4bffcf35-f4a2-432d-a5b1-53e5ed0fc8e3', 'aba4836d-e3ee-442f-9332-c1298aa2c713', 150),
    ('4bffcf35-f4a2-432d-a5b1-53e5ed0fc8e3', '0d82ad41-a264-4530-a53d-a128965c3294', 50),
    ('4bffcf35-f4a2-432d-a5b1-53e5ed0fc8e3', '83a080a9-987a-4450-8768-583ad94d6057', 100),
    ('4bffcf35-f4a2-432d-a5b1-53e5ed0fc8e3', '66a4df63-3f2b-4577-975d-9564a4808c8b', 20),
    ('231243aa-9dc4-4213-8ad1-457764e2381e', '03ba5f37-e861-4231-95e6-140d802433b8', 200),
    ('231243aa-9dc4-4213-8ad1-457764e2381e', '0d82ad41-a264-4530-a53d-a128965c3294', 50),
    ('231243aa-9dc4-4213-8ad1-457764e2381e', '8d70c00d-6453-4c70-b371-b281ae7c878e', 10),
    ('231243aa-9dc4-4213-8ad1-457764e2381e', 'c7528994-eed1-482f-9462-367bbb8df6ba', 20),
    ('231243aa-9dc4-4213-8ad1-457764e2381e', '0bfc5758-37fe-4538-8b53-b1f7f92e43d3', 40),
    ('231243aa-9dc4-4213-8ad1-457764e2381e', 'aa735720-f7a2-4223-a933-ca3b2f1bdc6b', 150),
    ('231243aa-9dc4-4213-8ad1-457764e2381e', '8ca38a7b-6398-4381-b9f8-06aff8d1ead1', 1);

INSERT INTO recipe_meal_types (recipe_id, meal_type_id)
VALUES
('7172f615-00c2-4c22-90ec-c2b5d730740d', 'a79eee44-c291-11ea-b3de-0242ac130004'),
('7172f615-00c2-4c22-90ec-c2b5d730740d', 'ae6014ba-c291-11ea-b3de-0242ac130004'),
('ae6527a8-f98f-4c2e-a045-558ffc968e59', 'a79eee44-c291-11ea-b3de-0242ac130004'),
('dfefdfa3-b84d-43f7-a6a9-65f19e299436', 'a79eee44-c291-11ea-b3de-0242ac130004'),
('dfefdfa3-b84d-43f7-a6a9-65f19e299436', 'ae6014ba-c291-11ea-b3de-0242ac130004'),
('3f2d1a97-15d7-4a84-91d1-04f330009368', 'a79eee44-c291-11ea-b3de-0242ac130004'),
('3f2d1a97-15d7-4a84-91d1-04f330009368', 'ae6014ba-c291-11ea-b3de-0242ac130004'),
('5e8aaaea-6bf5-490c-bd80-e9876590f111', 'a79eee44-c291-11ea-b3de-0242ac130004'),
('1134740f-9890-4dd5-b5f6-08c53858ad1a', 'a79eee44-c291-11ea-b3de-0242ac130004'),
('1134740f-9890-4dd5-b5f6-08c53858ad1a', 'ae6014ba-c291-11ea-b3de-0242ac130004'),
('ec135982-19c7-4659-80a9-6c6f1dcb6c74', 'a79eee44-c291-11ea-b3de-0242ac130004'),
('ec135982-19c7-4659-80a9-6c6f1dcb6c74', 'ae6014ba-c291-11ea-b3de-0242ac130004'),
('571054e4-6362-400e-890a-4269cb4bc4f2', 'ab261bc8-c291-11ea-b3de-0242ac130004'),
('2417a1cd-b606-43c0-ad6b-6a206ba593f3', 'ab261bc8-c291-11ea-b3de-0242ac130004'),
('901defbd-f1cf-4da4-8a07-1720179c28f2', 'ab261bc8-c291-11ea-b3de-0242ac130004'),
('9ca31ce5-509a-4521-ab66-82cbe60d0d2e', 'ab261bc8-c291-11ea-b3de-0242ac130004'),
('9ca31ce5-509a-4521-ab66-82cbe60d0d2e', 'ae6014ba-c291-11ea-b3de-0242ac130004'),
('5c0bc000-bc6c-4b33-a759-965302b51799', 'ab261bc8-c291-11ea-b3de-0242ac130004'),
('a04ae33f-9b8d-4331-846e-9bf84bc73708', 'ab261bc8-c291-11ea-b3de-0242ac130004'),
('018e9f33-3f00-4fbd-9e6b-4678d0be8a81', 'ab261bc8-c291-11ea-b3de-0242ac130004'),
('018e9f33-3f00-4fbd-9e6b-4678d0be8a81', 'ae6014ba-c291-11ea-b3de-0242ac130004'),
('f4f08d9f-54c5-47cc-ae03-0cc7f40e242c', 'ab261bc8-c291-11ea-b3de-0242ac130004'),
('d023d859-df43-4f1b-8d1c-81bf1f2a1494', 'ae6014ba-c291-11ea-b3de-0242ac130004'),
('d023d859-df43-4f1b-8d1c-81bf1f2a1494', 'a79eee44-c291-11ea-b3de-0242ac130004'),
('9fee21cd-d54e-4566-bb2a-2c3a38959dda', 'ae6014ba-c291-11ea-b3de-0242ac130004'),
('9fee21cd-d54e-4566-bb2a-2c3a38959dda', 'a79eee44-c291-11ea-b3de-0242ac130004'),
('d54d611b-ec76-4eab-b19c-24e47680d423', 'a79eee44-c291-11ea-b3de-0242ac130004'),
('d54d611b-ec76-4eab-b19c-24e47680d423', 'ae6014ba-c291-11ea-b3de-0242ac130004'),
('bbeac773-3bbd-4039-9be0-79602e6ec3f4', 'a79eee44-c291-11ea-b3de-0242ac130004'),
('bbeac773-3bbd-4039-9be0-79602e6ec3f4', 'ae6014ba-c291-11ea-b3de-0242ac130004'),
('cea8e842-2f81-4c8c-8b68-d2a712742b70', 'a79eee44-c291-11ea-b3de-0242ac130004'),
('cea8e842-2f81-4c8c-8b68-d2a712742b70', 'ab261bc8-c291-11ea-b3de-0242ac130004'),
('cea8e842-2f81-4c8c-8b68-d2a712742b70', 'ae6014ba-c291-11ea-b3de-0242ac130004'),
('07426d8e-b4ae-408e-90b1-84c7b1846950', 'a79eee44-c291-11ea-b3de-0242ac130004'),
('07426d8e-b4ae-408e-90b1-84c7b1846950', 'ae6014ba-c291-11ea-b3de-0242ac130004'),
('aea80f5a-38b9-4faa-aa65-31ac98e461c7', 'a79eee44-c291-11ea-b3de-0242ac130004'),
('aea80f5a-38b9-4faa-aa65-31ac98e461c7', 'ae6014ba-c291-11ea-b3de-0242ac130004'),
('c788f48a-eb7c-4225-9a10-8f09ec874c46', 'a79eee44-c291-11ea-b3de-0242ac130004'),
('c788f48a-eb7c-4225-9a10-8f09ec874c46', 'ae6014ba-c291-11ea-b3de-0242ac130004'),
('4490d8dd-1c90-43ef-ade5-7ef9eaa7875a', 'a79eee44-c291-11ea-b3de-0242ac130004'),
('4490d8dd-1c90-43ef-ade5-7ef9eaa7875a', 'ae6014ba-c291-11ea-b3de-0242ac130004'),
('dbaa6ec7-4c15-494f-8512-ab497fdbe3a1', 'a79eee44-c291-11ea-b3de-0242ac130004'),
('dbaa6ec7-4c15-494f-8512-ab497fdbe3a1', 'ae6014ba-c291-11ea-b3de-0242ac130004'),
('db9a0a8c-0c2d-4459-9031-5b24f0c28afd', 'ab261bc8-c291-11ea-b3de-0242ac130004'),
('eda02b58-7454-48e7-b943-a785702ca17a', 'ab261bc8-c291-11ea-b3de-0242ac130004'),
('3e697b08-cc36-4308-baff-536f8b3c08a7', 'ab261bc8-c291-11ea-b3de-0242ac130004'),
('a06db83d-8848-4369-a997-d03c5d5ecf8d', 'ab261bc8-c291-11ea-b3de-0242ac130004'),
('ec6260df-dd76-4599-ade2-6284707cc8ce', 'ab261bc8-c291-11ea-b3de-0242ac130004'),
('f62748d6-eb15-4c39-8ffd-78160b1babe5', 'ab261bc8-c291-11ea-b3de-0242ac130004'),
('4c805501-e044-4ff7-9f34-6ae05ac80f8d', 'ab261bc8-c291-11ea-b3de-0242ac130004'),
('c494bda6-a36f-49d9-8be9-5ce57557ee72', 'ab261bc8-c291-11ea-b3de-0242ac130004'),
('c494bda6-a36f-49d9-8be9-5ce57557ee72', 'ae6014ba-c291-11ea-b3de-0242ac130004'),
('a3e9cfaf-5a58-4ff2-bb4a-254a308ceaa0', 'ab261bc8-c291-11ea-b3de-0242ac130004'),
('1993fe45-4a47-4b42-bb83-2a102abd4193', 'ab261bc8-c291-11ea-b3de-0242ac130004'),
('6b84cb0f-25a6-43fa-ba33-05682090f131', 'ab261bc8-c291-11ea-b3de-0242ac130004'),
('c07818e4-e44f-4b08-8a47-60f45bb0dd57', 'ab261bc8-c291-11ea-b3de-0242ac130004'),
('903490da-9d34-4270-ab7e-82635c8ad0e0', 'ab261bc8-c291-11ea-b3de-0242ac130004'),
('903490da-9d34-4270-ab7e-82635c8ad0e0', 'ae6014ba-c291-11ea-b3de-0242ac130004'),
('9cc1a904-ee5b-4e6d-a901-20149bf439be', 'ab261bc8-c291-11ea-b3de-0242ac130004'),
('3e75f081-cc47-4b34-9941-aacd58f5ff2a', 'ab261bc8-c291-11ea-b3de-0242ac130004'),
('3e75f081-cc47-4b34-9941-aacd58f5ff2a', 'ae6014ba-c291-11ea-b3de-0242ac130004'),
('861da7f9-dec9-4bbe-b568-ec78ea815387', 'ab261bc8-c291-11ea-b3de-0242ac130004'),
('15fd9851-40f3-4af6-9021-b6120b74045d', 'ab261bc8-c291-11ea-b3de-0242ac130004'),
('2705a0a2-edb8-4935-88e9-544a8724a8cd', 'ab261bc8-c291-11ea-b3de-0242ac130004'),
('f6664f59-fa64-4dc4-b433-6a2b3bf4e967', 'a79eee44-c291-11ea-b3de-0242ac130004'),
('23d2bbb0-44bd-4c1c-8419-f72629119314', 'ab261bc8-c291-11ea-b3de-0242ac130004'),
('463bfda2-0b7c-401e-a270-6d7bc3f46449', 'ab261bc8-c291-11ea-b3de-0242ac130004'),
('3ee97f97-6159-4684-8639-6fefe5f6c1a7', 'ab261bc8-c291-11ea-b3de-0242ac130004'),
('762cb31d-6fd6-4ec1-9e0c-a477856ca37c', 'a79eee44-c291-11ea-b3de-0242ac130004'),
('762cb31d-6fd6-4ec1-9e0c-a477856ca37c', 'ae6014ba-c291-11ea-b3de-0242ac130004'),
('eb4a412f-c6ce-4b0e-9093-d456fe8bf592', 'a79eee44-c291-11ea-b3de-0242ac130004'),
('eb4a412f-c6ce-4b0e-9093-d456fe8bf592', 'ae6014ba-c291-11ea-b3de-0242ac130004'),
('62c30406-d20c-472d-ae30-219051b78004', 'a79eee44-c291-11ea-b3de-0242ac130004'),
('62c30406-d20c-472d-ae30-219051b78004', 'ae6014ba-c291-11ea-b3de-0242ac130004'),
('2f6abd58-c8fa-4ce1-b528-4aac793a47c6', 'a79eee44-c291-11ea-b3de-0242ac130004'),
('2f6abd58-c8fa-4ce1-b528-4aac793a47c6', 'ae6014ba-c291-11ea-b3de-0242ac130004'),
('1bb0187f-0759-4d62-b6fe-218083f2c547', 'a79eee44-c291-11ea-b3de-0242ac130004'),
('1bb0187f-0759-4d62-b6fe-218083f2c547', 'ae6014ba-c291-11ea-b3de-0242ac130004'),
('6e897b94-3530-4b4e-9655-3034b6d57dcc', 'ab261bc8-c291-11ea-b3de-0242ac130004'),
('6e897b94-3530-4b4e-9655-3034b6d57dcc', 'ae6014ba-c291-11ea-b3de-0242ac130004'),
('9b3775a5-444e-4da0-ae02-ac71bca117cf', 'a79eee44-c291-11ea-b3de-0242ac130004'),
('8358d494-8c44-45d7-ba75-02c93790fa70', 'a79eee44-c291-11ea-b3de-0242ac130004'),
('8358d494-8c44-45d7-ba75-02c93790fa70', 'ae6014ba-c291-11ea-b3de-0242ac130004'),
('84039ffa-d26c-4648-ac45-e8ad0c5f5f15', 'ab261bc8-c291-11ea-b3de-0242ac130004'),
('84039ffa-d26c-4648-ac45-e8ad0c5f5f15', 'ae6014ba-c291-11ea-b3de-0242ac130004'),
('4c62442d-fa84-45cd-a952-a1f221c4587d', 'ab261bc8-c291-11ea-b3de-0242ac130004'),
('469010ce-6db7-4c29-9e32-c0ee04d9c7ae', 'ab261bc8-c291-11ea-b3de-0242ac130004'),
('9851acd1-37fd-4832-99a0-aad05f4f749f', 'a79eee44-c291-11ea-b3de-0242ac130004'),
('5f670d30-6ef0-49e5-b6b4-b2e2791944ee', 'ab261bc8-c291-11ea-b3de-0242ac130004'),
('4bffcf35-f4a2-432d-a5b1-53e5ed0fc8e3', 'ae6014ba-c291-11ea-b3de-0242ac130004'),
('4bffcf35-f4a2-432d-a5b1-53e5ed0fc8e3', 'a79eee44-c291-11ea-b3de-0242ac130004'),
('231243aa-9dc4-4213-8ad1-457764e2381e', 'ab261bc8-c291-11ea-b3de-0242ac130004');

INSERT INTO recipe_instructions (recipe_id, step, description)
VALUES
('7172f615-00c2-4c22-90ec-c2b5d730740d', 1, 'Jajka wymieszaj, posól i zrób jajecznicę na rozgrzanej oliwie.'),
('7172f615-00c2-4c22-90ec-c2b5d730740d', 2, 'Podawaj z chlebem, szynką i pomidorem.'),
('ae6527a8-f98f-4c2e-a045-558ffc968e59', 1, 'Blenduj owoce z mlekiem.'),
('ae6527a8-f98f-4c2e-a045-558ffc968e59', 2, 'Wypij shake, zjedz wafle razem z orzechami.'),
('dfefdfa3-b84d-43f7-a6a9-65f19e299436', 1, 'Rozgnieć w misce banana, następnie wymieszaj z jajkiem, wiórkami kokosowymi i mąką. Dodaj ksylitol lub stewię.'),
('dfefdfa3-b84d-43f7-a6a9-65f19e299436', 2, 'Smaż na rozgrzanej oliwie.'),
('dfefdfa3-b84d-43f7-a6a9-65f19e299436', 3, 'Gotowe placuszki posmaruj dżemem.'),
('3f2d1a97-15d7-4a84-91d1-04f330009368', 1, 'Na oliwie usmaż jajka sadzone z dwóch stron po 2 minuty - wtedy żółtko w środku będzie na wpół miękkie.'),
('3f2d1a97-15d7-4a84-91d1-04f330009368', 2, 'Bułkę posmaruj masłem, na każdej połówce ułóż mix sałat, jajko a następnie szynkę. (Można dodać pomidory)'),
('5e8aaaea-6bf5-490c-bd80-e9876590f111', 1, 'Płatki owsiane przygotuj zgodnie z instrukcją na mleku, dodaj kakao, ksylitol, orzechy i maliny.'),
('5e8aaaea-6bf5-490c-bd80-e9876590f111', 2, 'Skyr zjedz na drugie śniadanie.'),
('1134740f-9890-4dd5-b5f6-08c53858ad1a', 1, 'Jaja wbij do miski, przypraw ulubionymi przyprawami i wymieszaj.'),
('1134740f-9890-4dd5-b5f6-08c53858ad1a', 2, 'Zrób jajecznicę na oliwie, ciągle mieszając. Na końcu dodaj połowę pokrojonego pomidora.'),
('1134740f-9890-4dd5-b5f6-08c53858ad1a', 3, 'Podaj z posmarowaną masłem bułką i surówką z warzyw (pokrój drobno pomidora i wymieszaj z mixem sałat).'),
('ec135982-19c7-4659-80a9-6c6f1dcb6c74', 1, 'Chleb posmaruj masłem i ułóż na kromki szynkę.'),
('ec135982-19c7-4659-80a9-6c6f1dcb6c74', 2, 'Do miski wrzuć mix sałat i pokrojone warzywa. Dodaj sól i pieprz, można dodać też czosnkowy sos zero.'),
('571054e4-6362-400e-890a-4269cb4bc4f2', 1, 'Kaszę ugotuj zgodnie z instrukcją w osolonej wodzie.'),
('571054e4-6362-400e-890a-4269cb4bc4f2', 2, 'Na maśle podsmaż posiekaną cebulę i pieczarki, dodaj sól, pieprz, czosnek granulowany.'),
('571054e4-6362-400e-890a-4269cb4bc4f2', 3, 'Na oliwie podsmaż pokrojonego kurczaka, dodaj sól, pieprz, czosnek, paprykę wędzoną i 2 łyżki sosu sojowego.'),
('571054e4-6362-400e-890a-4269cb4bc4f2', 4, 'Do kurczaka dodaj ugotowaną według instrukcji kaszę i pieczarki, następnie wymieszaj.'),
('571054e4-6362-400e-890a-4269cb4bc4f2', 5, 'Można podawać z ogórkiem małosolnym lub kiszonym.'),
('2417a1cd-b606-43c0-ad6b-6a206ba593f3', 1, 'Cebulę, czosnek, oraz paprykę podsmaż na oliwie z oliwek'),
('2417a1cd-b606-43c0-ad6b-6a206ba593f3', 2, 'Dodaj mięso i smaż, aż zmieni kolor na szary.'),
('2417a1cd-b606-43c0-ad6b-6a206ba593f3', 3, 'Dodaj passatę pomidorową. Dopraw solą, pieprzem, oregano, bazylią i tymiankiem.'),
('2417a1cd-b606-43c0-ad6b-6a206ba593f3', 4, 'Makaron ugotuj zgodnie z instrukcją.'),
('2417a1cd-b606-43c0-ad6b-6a206ba593f3', 5, 'Podawaj z tartym serem.'),
('901defbd-f1cf-4da4-8a07-1720179c28f2', 1, 'Mięso mielone dopraw (2 ząbki czosnku, sól, pieprz, papryka wędzona, papryka ostra, zioła włoskie), a następnie uformuj klopsiki. (Można przygotować je wcześniej i odstawić na kilka godzin do lodówki)'),
('901defbd-f1cf-4da4-8a07-1720179c28f2', 2, 'Cebulę oraz 2 ząbki czosnku podsmaż na 5g oliwy w woku lub garnku, następnie dodaj passatę, sól, pieprz, oregano i kostkę rozpuszczoną w ½ szklanki wrzątku.'),
('901defbd-f1cf-4da4-8a07-1720179c28f2', 3, 'Pozostałą oliwę rozgrzej na patelni i smaży klopsiki.'),
('901defbd-f1cf-4da4-8a07-1720179c28f2', 4, 'Całość można zapiec w naczyniu żaroodpornym w piekarniku (Termoobieg 200*, 15 min) lub wrzucić klopsiki do wcześniej przygotowanego sosu pomidorowego i gotować 8 min.'),
('901defbd-f1cf-4da4-8a07-1720179c28f2', 5, 'Podawać z ugotowanym zgodnie z instrukcją na opakowaniu ryżem.'),
('9ca31ce5-509a-4521-ab66-82cbe60d0d2e', 1, 'Mięso dopraw ulubionymi przyprawami (np. sól, pieprz, papryka wędzona, papryka ostra, kmin rzymski, zioła), uformuj burgera i upiecz go na rozgrzanej oliwie.'),
('9ca31ce5-509a-4521-ab66-82cbe60d0d2e', 2, 'Kajzerkę przekrój podpiecz w piekarniku w 200*C 2 min, następnie włoż kotleta, ketchup i warzywa.'),
('5c0bc000-bc6c-4b33-a759-965302b51799', 1, 'Kurczaka pokrój w kostkę i podsmaż na oliwie, następnie dodaj drobno pokrojone pomidory suszone, płaską łyżeczkę oregano, pół łyżeczki papryki słodkiej, sól i pieprz.'),
('5c0bc000-bc6c-4b33-a759-965302b51799', 2, 'Na małym ogniu dodaj jogurt, wymieszaj i zagotuj.'),
('5c0bc000-bc6c-4b33-a759-965302b51799', 3, 'Do dania dodaj wcześniej ugotowany według instrukcji na opakowaniu ryż.'),
('a04ae33f-9b8d-4331-846e-9bf84bc73708', 1, 'Filety ryby posól, następnie wymieszaj bułkę tartą z przyprawą do ryb, zanurz w roztrzepanym białku jaja kurzego, następnie obtocz w bułce.'),
('a04ae33f-9b8d-4331-846e-9bf84bc73708', 2, 'Wstaw do piekarnika nagrzanego do 200 stopni i piecz 15 min.'),
('a04ae33f-9b8d-4331-846e-9bf84bc73708', 3, 'Do ugotowanych wcześniej ziemniaków dodaj masło, mleko i sól, następnie rozgnieć za pomocą tłuczka lub blendera.'),
('a04ae33f-9b8d-4331-846e-9bf84bc73708', 4, 'Rybę podawaj na puree z ziemniaków, a obok sałatkę - mix sałat, pomidorki koktajlowe, ogórek konserwowy, kilka kropel soku z cytryny, sól, pieprz.'),
('018e9f33-3f00-4fbd-9e6b-4678d0be8a81', 1, 'Mięso dopraw dowolnie i usmaż na oliwie z oliwek.'),
('018e9f33-3f00-4fbd-9e6b-4678d0be8a81', 2, 'Tortillę posmaruj ketchupem lub innym sosem zero, zawiń w nią usmażone mięso z warzywami.'),
('018e9f33-3f00-4fbd-9e6b-4678d0be8a81', 3, 'Zawinięty placek można zawinąć w folię aluminiową i podgrzać w piekrniku. (2/3min w 200*C)'),
('018e9f33-3f00-4fbd-9e6b-4678d0be8a81', 4, 'Sugerowane przyprawy: Pieprz, sól, ostra papryka, kurkuma, oregano.'),
('f4f08d9f-54c5-47cc-ae03-0cc7f40e242c', 1, 'Ziemniaki ugotuj.'),
('f4f08d9f-54c5-47cc-ae03-0cc7f40e242c', 2, 'Schab potłucz, przypraw solą, pieprzem, czosnkiem przeciśniętym przez praskę, a następnie panieruj w mleku i bułce tartej.'),
('f4f08d9f-54c5-47cc-ae03-0cc7f40e242c', 3, 'Smaż kotleta na maśle.'),
('f4f08d9f-54c5-47cc-ae03-0cc7f40e242c', 4, 'Podawaj z usmażoną z czosnkiem fasolką szparagową i gotowanymi ziemniakami.'),
('f4f08d9f-54c5-47cc-ae03-0cc7f40e242c', 5, 'Sugerowane przyprawy: pieprz, sól, koperek do ziemniaków.'),
('d023d859-df43-4f1b-8d1c-81bf1f2a1494', 1, 'Płatki owsiane przygotuj zgodnie z instrukcją na mleku, dodaj kakao, ksylitol, orzechy i maliny, wszystko wymieszaj.'),
('d023d859-df43-4f1b-8d1c-81bf1f2a1494', 2, 'Możesz podawać na zimno lub ciepło.'),
('9fee21cd-d54e-4566-bb2a-2c3a38959dda', 1, 'Bułki przekrój i posmaruj masłem.'),
('9fee21cd-d54e-4566-bb2a-2c3a38959dda', 2, 'Na bułki ułóż szynkę, warzywa oraz posmaruj ketchupem.'),
('d54d611b-ec76-4eab-b19c-24e47680d423', 1, 'Jajka zmiksuj z mlekiem i przyprawami. (sól, pieprz, zioła według upodobań)'),
('d54d611b-ec76-4eab-b19c-24e47680d423', 2, 'Na oliwie podsmaż pieczarki z cebulą.'),
('d54d611b-ec76-4eab-b19c-24e47680d423', 3, 'Na innej patelni usmaż omleta, po przewróceniu na drugą stronę na jednej połowie ułóż wszystkie składniki, następnie zwiń w połowie. Można dodać ketchup.'),
('bbeac773-3bbd-4039-9be0-79602e6ec3f4', 1, 'Jabłka obierz, usuń gniazda nasienne i pokrój w plasterki. W misce wymieszaj mąkę, mleko, proszek do pieczenia, ksylitol i jajko – ciasto ma mieć konsystencję gęstej śmietany (jeśli będzie za rzadkie -dodaj mąki, jeśli za gęste – dodaj mleko). Jabłka wrzuć do ciasta.'),
('bbeac773-3bbd-4039-9be0-79602e6ec3f4', 2, 'Na rozgrzanej patelni usmaż racuchy - na jeden plasterek jabłka przypadają 2 łyżki ciasta.'),
('bbeac773-3bbd-4039-9be0-79602e6ec3f4', 3, 'Można podawać z cynamonem.'),
('bbeac773-3bbd-4039-9be0-79602e6ec3f4', 4, 'Shake’a białkowego wypij z mlekiem.'),
('cea8e842-2f81-4c8c-8b68-d2a712742b70', 1, 'Z jajka mąki, mleka i wody zrób masę naleśnikową.'),
('cea8e842-2f81-4c8c-8b68-d2a712742b70', 2, 'Naleśniki usmaż na oliwie.'),
('cea8e842-2f81-4c8c-8b68-d2a712742b70', 3, 'Posmaruj skyrem i zawiń, podawaj z owocami.'),
('07426d8e-b4ae-408e-90b1-84c7b1846950', 1, 'Ryż przygotuj według instrukcji na opakowaniu, następnie wrzuć go do miski. Zblenduj rozmrożone  maliny i/lub truskawki.'),
('07426d8e-b4ae-408e-90b1-84c7b1846950', 2, 'Do ryżu dodaj orzechy nerkowca, białko, zblendowane owoce oraz ksylitol według upodobań. Wymieszaj.'),
('aea80f5a-38b9-4faa-aa65-31ac98e461c7', 1, 'Jajka ugotuj na twardo.'),
('aea80f5a-38b9-4faa-aa65-31ac98e461c7', 2, 'Chleb posmaruj serkiem almette, następnie na kromki połóż resztę składników.'),
('c788f48a-eb7c-4225-9a10-8f09ec874c46', 1, 'Zrób guacamole ugniatając Awokado, dodając, ząbek czosnku, sok z limonki, sól, pieprz.'),
('c788f48a-eb7c-4225-9a10-8f09ec874c46', 2, 'Jajka usmaż według upodobań na patelni.'),
('c788f48a-eb7c-4225-9a10-8f09ec874c46', 3, 'Chleb posmaruj serkiem almette, następnie kromki połóż resztę składników.'),
('4490d8dd-1c90-43ef-ade5-7ef9eaa7875a', 1, 'Pomidory sparz, obierz ze skórki, pokrój na średniej większości cząstki i usuń środki (aby nie było zbyt dużo wody).'),
('4490d8dd-1c90-43ef-ade5-7ef9eaa7875a', 2, 'Oliwę rozgrzej na niewielkiej patelni, zeszklij posiekany czosnek i małą cebulkę. Po minucie dodaj kilka kawałków papryki pokrojonej w kawałki. I podduś przez chwilę(Możesz również dodać chili). Dodaj pomidory oraz przyprawy, poczekaj aż warzywa zmiękną i odparuje część wody - nie mieszaj zbyt często, aby pomidory się nie rozpadły!'),
('4490d8dd-1c90-43ef-ade5-7ef9eaa7875a', 3, 'Na wrzący sos wbij jajka (możesz zrobić miejsca w sosie łopatką), lekko je posól i gotuj na średnim ogniu do ścięcia pod przykrywką.'),
('dbaa6ec7-4c15-494f-8512-ab497fdbe3a1', 1, 'Jajka ugotuj na twardo. Po ugotowaniu ugnieć jajka z musztardą, solą i pieprzem.'),
('dbaa6ec7-4c15-494f-8512-ab497fdbe3a1', 2, 'Chleb posmaruj pastą jajeczną, połóż na kanapki szynkę z kurczaka.'),
('dbaa6ec7-4c15-494f-8512-ab497fdbe3a1', 3, 'Warzywa pokrój i zjedz w formie sałatki.'),
('db9a0a8c-0c2d-4459-9031-5b24f0c28afd', 1, 'Na rozgrzanej oliwie (5g) przysmaż posiekany czosnek i fasolkę szparagową.'),
('db9a0a8c-0c2d-4459-9031-5b24f0c28afd', 2, 'W woku rzogrzej pozostałą część oliwy i dodaj pastę curry, mieszaj co jakiś czas - po upływie 3 minut dodaj pokrojonego w kostkę kurczaka.'),
('db9a0a8c-0c2d-4459-9031-5b24f0c28afd', 3, 'Gdy kurczak się przysmaży, wlej mleko kokosowe oraz krowie, następnie dodaj liście kafiru, sos rybny i wyciśnięty sok z ćwiartki lub połowy limonki. Mieszaj co jakiś czas. W międzyczasie ugotuj ryż.'),
('db9a0a8c-0c2d-4459-9031-5b24f0c28afd', 4, 'Po upływie 5 min dodaj pokrojoną paprykę oraz przysmażoną fasolkę z czosnkiem.'),
('db9a0a8c-0c2d-4459-9031-5b24f0c28afd', 5, 'Po kolejnych 5 minutach danie jest gotowe, po wyłożeniu na talerz posyp posiekanymi orzeszkami ziemnymi.'),
('eda02b58-7454-48e7-b943-a785702ca17a', 1, 'Pokrojonego w kostkę kurczaka usmaż na oliwie, dodaj przyprawy. Ugotuj ryż.'),
('eda02b58-7454-48e7-b943-a785702ca17a', 2, 'Na drugiej patelni (na reszcie oliwy) usmaż pokrojone warzywa, posól je.'),
('eda02b58-7454-48e7-b943-a785702ca17a', 3, 'Do usmażonego kurczaka dodaj sos teriyaki, smaż jeszcze 2 minuty,'),
('eda02b58-7454-48e7-b943-a785702ca17a', 4, 'Następnie dodaj warzywa, ryż i wymieszaj.'),
('eda02b58-7454-48e7-b943-a785702ca17a', 5, 'Sugerowane przyprawy: sól, pieprz, papryka wędzona'),
('3e697b08-cc36-4308-baff-536f8b3c08a7', 1, 'Pokrojonego w kostkę kurczaka usmaż na oliwie, dodaj przyprawy. Ugotuj ziemniaki na półtwardo.'),
('3e697b08-cc36-4308-baff-536f8b3c08a7', 2, 'Do usmażonego kurczaka dodaj passatę i w razie potrzeby więcej przypraw, smaż jeszcze 2 minuty, w tym czasie pokrój ziemniaki na plasterki.'),
('3e697b08-cc36-4308-baff-536f8b3c08a7', 3, 'W naczyniu żaroodpornym układaj na przemian ziemniaki i kurczaka - tak aby ostatnią warstwą były ziemniaki. Włóż do piekarnika na pół godziny.'),
('3e697b08-cc36-4308-baff-536f8b3c08a7', 4, '5 minut przed podaniem zetrzyj ser i posyp zapiekankę.'),
('3e697b08-cc36-4308-baff-536f8b3c08a7', 5, 'Sugerowane przyprawy: sól, pieprz, kumin rzymski, papryka ostra, papryka wędzona'),
('a06db83d-8848-4369-a997-d03c5d5ecf8d', 1, 'Namocz suszone grzyby w połowie szklanki wody i odstaw na noc.'),
('a06db83d-8848-4369-a997-d03c5d5ecf8d', 2, 'Gotuj przez 30 minut w wodzie z moczenia.'),
('a06db83d-8848-4369-a997-d03c5d5ecf8d', 3, 'Polędwiczki podsmaż na rozgrzanym maśle klarowanym.'),
('a06db83d-8848-4369-a997-d03c5d5ecf8d', 4, 'Dodaj cebulę i chwilę smaż.'),
('a06db83d-8848-4369-a997-d03c5d5ecf8d', 5, 'Następnie dodaj grzyby mrożone lub suszone wraz z wywarem.'),
('a06db83d-8848-4369-a997-d03c5d5ecf8d', 6, 'Przykryj i duś do miękkości.'),
('a06db83d-8848-4369-a997-d03c5d5ecf8d', 7, 'Dopraw solą, pieprzem, tymiankiem, zdejmij z ognia i wymieszaj z zahartowaną śmietaną. (Przed dodaniem śmietany wklej do niej kilka łyżek sosu i wymieszaj).'),
('a06db83d-8848-4369-a997-d03c5d5ecf8d', 8, 'Podawaj z kaszą gryczaną.'),
('ec6260df-dd76-4599-ade2-6284707cc8ce', 1, 'Mięso oczyść z błon, pokrój w cienkie paski i obsmaż na patelni bez dodatku tłuszczu, dodaj przyprawy - sól, pieprz, paprykę wędzoną.'),
('ec6260df-dd76-4599-ade2-6284707cc8ce', 2, 'Do mięsa doodaj cebulę, pieczarki, następnie zalej bulionem zrobionym w 150ml wody.'),
('ec6260df-dd76-4599-ade2-6284707cc8ce', 3, 'Dodaj passatę pomidorową, zagotuj i duś na małym ogniu, aż mięso stanie się miękkie. (Około 10min)'),
('ec6260df-dd76-4599-ade2-6284707cc8ce', 4, 'Podawaj z kaszą ugotowaną według instrukcji na opakowaniu..'),
('f62748d6-eb15-4c39-8ffd-78160b1babe5', 1, 'Pierś pokrój w kostkę. Przypraw solą, pieprzem i tymiankiem.'),
('f62748d6-eb15-4c39-8ffd-78160b1babe5', 2, 'Miąższ z dyni pokrój w kostkę.'),
('f62748d6-eb15-4c39-8ffd-78160b1babe5', 3, 'Pieczarki i cebulę obierz i pokrój.'),
('f62748d6-eb15-4c39-8ffd-78160b1babe5', 4, 'Pierś podsmaż na oliwie z oliwek, dodaj pieczarki i cebulę pokrojoną w kostkę.'),
('f62748d6-eb15-4c39-8ffd-78160b1babe5', 5, 'Dodaj dynię, posól i duś na średnim ogniu, aż dynia będzie miękka.'),
('f62748d6-eb15-4c39-8ffd-78160b1babe5', 6, 'Podawaj z makaronem ugotowanym według instrukcji na opakowaniu.'),
('4c805501-e044-4ff7-9f34-6ae05ac80f8d', 1, 'Ryż ugotuj w osolonej wodzie zgodnie z instrukcją na opakowaniu.'),
('4c805501-e044-4ff7-9f34-6ae05ac80f8d', 2, 'Warzywa ugotuj w osolonej wodzie lub na parze.'),
('4c805501-e044-4ff7-9f34-6ae05ac80f8d', 3, 'Łososia piecz przez około 25 minut w piekarniku nagrzanym na 180*C.'),
('4c805501-e044-4ff7-9f34-6ae05ac80f8d', 4, 'W połowie pieczenia dodaj sól, pieprz i tymianek. (Opcjonalnie czosnek)'),
('4c805501-e044-4ff7-9f34-6ae05ac80f8d', 5, 'Łososia podziel na kawałki, wymieszaj z ryżem, warzywami i natką pietruszki.'),
('c494bda6-a36f-49d9-8be9-5ce57557ee72', 1, 'Ziemniaki ugotuj i pokrój według uznania.'),
('c494bda6-a36f-49d9-8be9-5ce57557ee72', 2, 'Jaja ugotuj na twardo i pokrój lub rozgnieć widelcem.'),
('c494bda6-a36f-49d9-8be9-5ce57557ee72', 3, 'Wymieszaj wszystko z warzywami, oliwą z oliwek i musztardą francuską.'),
('c494bda6-a36f-49d9-8be9-5ce57557ee72', 4, 'Dopraw solą i pieprzem.'),
('a3e9cfaf-5a58-4ff2-bb4a-254a308ceaa0', 1, 'Kurczaka pokrój w kostkę, wymieszaj z solą, pieprzem i imbirem.'),
('a3e9cfaf-5a58-4ff2-bb4a-254a308ceaa0', 2, 'Podsmaż na oliwie z oliwek. Dodaj trochę wody i gotuj przez 10 minut.'),
('a3e9cfaf-5a58-4ff2-bb4a-254a308ceaa0', 3, 'Paprykę, ananasa, i marchewkę pokrój, następnie dodaj do mięsa wraz z ketchupem i sokiem z cytryny. Gotuj około 5 minut.'),
('a3e9cfaf-5a58-4ff2-bb4a-254a308ceaa0', 4, 'Podawaj z ugotowanym według instrukcji na opakowaniu ryżem.'),
('1993fe45-4a47-4b42-bb83-2a102abd4193', 1, 'Kurczaka pokrój w kostkę, wymieszaj z sosem sojowym i musztardą, dopraw chilli.'),
('1993fe45-4a47-4b42-bb83-2a102abd4193', 2, 'Mięso usmaż na oliwie z oliwek.'),
('1993fe45-4a47-4b42-bb83-2a102abd4193', 3, 'Dodaj trochę wody, cebulę, brokuły, pokrojoną marchewkę i gotuj pod przykryciem 15 min.'),
('1993fe45-4a47-4b42-bb83-2a102abd4193', 4, 'Makaron ugotuj w osolonej wodzie zgodnie z instrukcją na opakowaniu i wymieszaj z mięsem i warzywami'),
('1993fe45-4a47-4b42-bb83-2a102abd4193', 5, 'Potrawę posyp szczypiorkiem i orzechami.'),
('6b84cb0f-25a6-43fa-ba33-05682090f131', 1, 'Kurczaka pokrój w kostkę i podsmaż na oliwie z oliwek.'),
('6b84cb0f-25a6-43fa-ba33-05682090f131', 2, 'Dodaj przyprawy: sól, pieprz, kumin, kolendrę, paprykę wędzoną słodką, pieprz cayenne.'),
('6b84cb0f-25a6-43fa-ba33-05682090f131', 3, 'Na innej patelni podsmaż meksykańską mieszkankę warzyw.'),
('6b84cb0f-25a6-43fa-ba33-05682090f131', 4, 'Ugotować ryż w osolonej wodzie zgodnie z instrukcją na opakowaniu.'),
('6b84cb0f-25a6-43fa-ba33-05682090f131', 5, 'Ugotowany ryż i podsmażone warzywa dodaj do mięsa i wymieszaj.'),
('c07818e4-e44f-4b08-8a47-60f45bb0dd57', 1, 'Kurczaka pokrój w kostkę i podsmaż na oliwie z oliwek, dodaj przyprawy (sól pieprz, papryka, przyprawy do kuchni chińskiej)'),
('c07818e4-e44f-4b08-8a47-60f45bb0dd57', 2, 'Na innej patelni podsmaż chińską mieszkankę warzyw.'),
('c07818e4-e44f-4b08-8a47-60f45bb0dd57', 3, 'Podawaj z ugotowanym według instrukcji na opakowaniu makaronem.'),
('903490da-9d34-4270-ab7e-82635c8ad0e0', 1, 'Kurczaka Pokrój w "kotlety", panieruj w bułce tartej lub panierce do kurczaka, włóż do piekarnika rozgrzanego do 190* na 20 min.'),
('903490da-9d34-4270-ab7e-82635c8ad0e0', 2, 'W czasie, kiedy kurczak będzie w piekarniku pokrój warzywa na kawałki, dodaj mix sałat, pestki dyni i słonecznik, oliwę z oliwek, przyprawy (sól, pieprz, zioła włoskie) i wymieszaj.'),
('903490da-9d34-4270-ab7e-82635c8ad0e0', 3, 'Kurczaka pokrój w paski i wrzuć do sałatki.'),
('903490da-9d34-4270-ab7e-82635c8ad0e0', 4, 'Na końcu dodaj ser camembert.'),
('903490da-9d34-4270-ab7e-82635c8ad0e0', 5, 'Chleb pełnoziarnisty włóż do piekarnika nagrzanego do 200* na 3minuty.'),
('9cc1a904-ee5b-4e6d-a901-20149bf439be', 1, 'Umyte mięso pokrój na większe części i wrzuć do miski - dodaj sól, pieprz, paprykę wędzoną, kmin lub inne przyprawy według uznania. (Możesz to przygotować kilka godzin wcześniej - mięso będzie smakowało lepiej)'),
('9cc1a904-ee5b-4e6d-a901-20149bf439be', 2, '. Nabij mięso na patyki do szaszłyków tak by stało pionowo w piekarniku - możesz wykałaczki wbić w połowę cebuli, wtedy będzie bardziej stabilne. Piecz 40min w 180*.'),
('9cc1a904-ee5b-4e6d-a901-20149bf439be', 3, 'Ziemniaki ugotowane na półtwardo pokrój w ćwiartki, wymieszaj z ulubionymi przyprawami i skrop delikatnie oliwą. Piecz 20 min w 180*.'),
('9cc1a904-ee5b-4e6d-a901-20149bf439be', 4, 'Czosnek przeciśnij przez praskę do miseczki, dodaj śmietanę, tymianek, sól i pieprz, wymieszaj.'),
('9cc1a904-ee5b-4e6d-a901-20149bf439be', 5, 'Upieczone mięso pokrój na plastry jak kebaba. Podawaj z pieczonymi ziemniakami i sosem czosnkowym.'),
('3e75f081-cc47-4b34-9941-aacd58f5ff2a', 1, 'Umyj dokładnie średniej wielkości ziemniaki. Piecz w piekarniku w 180* 45 min.'),
('3e75f081-cc47-4b34-9941-aacd58f5ff2a', 2, 'Na jednej patelni usmaż kurczaka pokrojonego w drobną kostkę - dodaj sól, pieprz i paprykę wędzoną. Na drugiej patelni usmaż pieczarki z cebulką.'),
('3e75f081-cc47-4b34-9941-aacd58f5ff2a', 3, 'Ostudzone ziemniaki przekrój wzdłuż warzywa na pół, wydrąż środek ziemniaka łyżką tak by nie uszkodzić skórek.'),
('3e75f081-cc47-4b34-9941-aacd58f5ff2a', 4, 'Skórki poukładaj na blasze tak by tworzyły łódeczki.'),
('3e75f081-cc47-4b34-9941-aacd58f5ff2a', 5, 'Miąższ z ziemniaków rozgnieć, dodaj kurczaka, pieczarki, startego oscypka na grubych oczkach, pokrojoną kiełbasę i wszystko wymieszaj.'),
('3e75f081-cc47-4b34-9941-aacd58f5ff2a', 6, '. Przygotowaną masę włóż do łódeczek ziemniaczanych i całość włóż do piekarnika na 15-20 min.'),
('861da7f9-dec9-4bbe-b568-ec78ea815387', 1, 'Makaron ugotuj zgodnie z instrukcją.'),
('861da7f9-dec9-4bbe-b568-ec78ea815387', 2, 'Kurczaka pokrojonego w kostkę podsmaż na oliwie, dodaj 2 garści szpinaku i pokrojone pomidory suszone. Dodaj sól pieprz, 2 ząbki przeciśniętego czosnku, oregano lub inne ulubione przypraw.'),
('861da7f9-dec9-4bbe-b568-ec78ea815387', 3, 'Makaron wrzuć do kurczaka i wymieszaj.'),
('15fd9851-40f3-4af6-9021-b6120b74045d', 1, 'Makaron ugotuj zgodnie z instrukcją.'),
('15fd9851-40f3-4af6-9021-b6120b74045d', 2, 'Pokrój kurczaka w drobną kostkę i usmaż na oliwie, dodaj oregano, bazylię, pieprz, sól, kumin rzymski. Po chwili dodaj passatę i pokrojone oliwki i kapary.'),
('15fd9851-40f3-4af6-9021-b6120b74045d', 3, 'Dodaj makaron i wymieszaj. Podawaj z ulubionymi ziołami.'),
('2705a0a2-edb8-4935-88e9-544a8724a8cd', 1, 'W woku rozgrzej oliwę, dodaj pastę curry, mieszaj co jakiś czas - po upływie 3 minut dodaj pokrojonego w kostkę kurczaka.'),
('2705a0a2-edb8-4935-88e9-544a8724a8cd', 2, 'Gdy kurczak się przysmaży, wlej mleko kokosowe oraz krowie, następnie dodaj liście kafiru, pokrojoną paprykę i cukinię, sos rybny i wyciśnięty sok z ćwiartki lub połowy limonki. Mieszaj co jakiś czas. W międzyczasie ugotuj ryż.'),
('2705a0a2-edb8-4935-88e9-544a8724a8cd', 3, 'Po około 10 minutach danie jest gotowe, podawaj z ryżem według upodobań.'),
('f6664f59-fa64-4dc4-b433-6a2b3bf4e967', 1, 'Chleb posmaruj serkiem almette. (Możesz dodać kiełki i plasterek pomidora)'),
('f6664f59-fa64-4dc4-b433-6a2b3bf4e967', 2, 'Piekarnik nagrzej do 200*C.'),
('f6664f59-fa64-4dc4-b433-6a2b3bf4e967', 3, 'Do formy na muffinki lub do papilotek włóż szynkę parmeńską, tak by zakrywała ścianki i tworzyła obręcz, następnie do środka wbij jajko. Piecz około 8min.'),
('23d2bbb0-44bd-4c1c-8419-f72629119314', 1, 'Na rozgrzanej oliwię podsmaż starty drobno imbir i przeciśnięty przez praskę czosnek, po minucie dodaj cebulę, po kolejnej minucie paprykę. (Możesz też dodać kawałki ostrej papryki)'),
('23d2bbb0-44bd-4c1c-8419-f72629119314', 2, 'Kiedy papryka będzie delikatnie podsmażona dodaj pokrojonego wcześniej kurczaka, następnie dodaj przyprawy. (Sugerowane: sól, pieprz, zioła tajskie, papryka wędzona).'),
('23d2bbb0-44bd-4c1c-8419-f72629119314', 3, 'Ugotuj makaron ryżowy zgodnie z instrukcją na opakowaniu.'),
('23d2bbb0-44bd-4c1c-8419-f72629119314', 4, 'Na patelnię z usmażonym kurczakiem i warzywami dodaj makaron ryżowy, następnie dodaj sos sojowy według uznania i dokładnie wymieszaj.'),
('463bfda2-0b7c-401e-a270-6d7bc3f46449', 1, 'Ziemniaki obierz i ugotuj w osolonej wodzie.'),
('463bfda2-0b7c-401e-a270-6d7bc3f46449', 2, 'Mięso mielone wymieszaj z drobno pokrojoną cebulką, przeciśniętym przez praskę czosnkiem i przyprawami (Sugerowane: sól, pieprz, papryka słodka), następnie panieruj w bułce tartej i usmaż na oliwie.'),
('463bfda2-0b7c-401e-a270-6d7bc3f46449', 3, 'Ugotowane ziemniaki rozgnieć, dodaj łyżeczkę masła i 2/3 łyżki mleka, wymieszaj, aż powstanie gładkie pure.'),
('463bfda2-0b7c-401e-a270-6d7bc3f46449', 4, 'Podawaj z buraczkami lub ogórkiem.'),
('3ee97f97-6159-4684-8639-6fefe5f6c1a7', 1, 'Mięso pokrój w kostkę, wymieszaj z sosem sojowym, musztardą, imbirem, kurkumą i papryką chilli.'),
('3ee97f97-6159-4684-8639-6fefe5f6c1a7', 2, 'Ryż ugotuj zgodnie z instrukcją.'),
('3ee97f97-6159-4684-8639-6fefe5f6c1a7', 3, 'Na rozgrzanej oliwie (5g) smaż mięso, w tym samym czasie na drugiej patelni na reszcie oliwy usmaż mrożone warzywa.'),
('3ee97f97-6159-4684-8639-6fefe5f6c1a7', 4, 'Gotowe składniki połącz dokładnie mieszając.'),
('762cb31d-6fd6-4ec1-9e0c-a477856ca37c', 1, 'Tortillę posmaruj hummusem.'),
('762cb31d-6fd6-4ec1-9e0c-a477856ca37c', 2, 'Połóż na niej plasterek wędliny i pokrojone warzywa.'),
('762cb31d-6fd6-4ec1-9e0c-a477856ca37c', 3, 'Dopraw pieprzem i ulubionymi ziołami.'),
('762cb31d-6fd6-4ec1-9e0c-a477856ca37c', 4, 'Danie możesz podawać na zimno lub po podgrzaniu w piekarniku.'),
('eb4a412f-c6ce-4b0e-9093-d456fe8bf592', 1, 'Na patelni rozgrzej oliwę z oliwek.'),
('eb4a412f-c6ce-4b0e-9093-d456fe8bf592', 2, 'Roztrzep jaja, dopraw je sola i pieprzem i przelej na patelnię.'),
('eb4a412f-c6ce-4b0e-9093-d456fe8bf592', 3, 'Gdy się lekko podsmażą, ułóż pokrojone pomidory na przemian z mozzarellą na połowie powierzchni omleta (możesz też dodać kilka listków'),
('eb4a412f-c6ce-4b0e-9093-d456fe8bf592', 4, 'świeżej bazylii lub szczypiorek).'),
('eb4a412f-c6ce-4b0e-9093-d456fe8bf592', 5, 'Dodaj ser i poczekaj, aż się rozpuści.'),
('62c30406-d20c-472d-ae30-219051b78004', 1, 'Jajka ugotuj na twardo.'),
('62c30406-d20c-472d-ae30-219051b78004', 2, 'Jogurt wymieszaj z chrzanem, dodaj koperek, sól i pieprz.'),
('62c30406-d20c-472d-ae30-219051b78004', 3, 'Ugotowane jajka polej sosem.'),
('62c30406-d20c-472d-ae30-219051b78004', 4, 'Podawaj z kromką chleba.'),
('2f6abd58-c8fa-4ce1-b528-4aac793a47c6', 1, 'Fasolę odsącz z zalewy.'),
('2f6abd58-c8fa-4ce1-b528-4aac793a47c6', 2, 'Pomidory pokrój w kostkę, a ogórka i cebulę w plastry.'),
('2f6abd58-c8fa-4ce1-b528-4aac793a47c6', 3, 'Wszystkie składniki wymieszaj w misce.'),
('2f6abd58-c8fa-4ce1-b528-4aac793a47c6', 4, 'Dodaj oliwę, ocet, posiekaną pietruszkę, odrobinę pieprzu i soli.'),
('1bb0187f-0759-4d62-b6fe-218083f2c547', 1, 'Cebulę pokrój w kosteczkę i podsmaż na patelni z łyżeczką oliwy'),
('1bb0187f-0759-4d62-b6fe-218083f2c547', 2, 'ciągle mieszając, aby się nie przypaliła, dodaj przeciśnięty przez'),
('1bb0187f-0759-4d62-b6fe-218083f2c547', 3, 'praskę czosnek i podsmaż jeszcze chwilę.'),
('1bb0187f-0759-4d62-b6fe-218083f2c547', 4, 'Wrzuć posiekany szpinak i duś, aż szpinak zmięknie.'),
('1bb0187f-0759-4d62-b6fe-218083f2c547', 5, 'Dodaj pokruszony ser pleśniowy, dopraw mocno solą, pieprzem'),
('1bb0187f-0759-4d62-b6fe-218083f2c547', 6, 'i odrobiną gałki muszkatołowej.'),
('1bb0187f-0759-4d62-b6fe-218083f2c547', 7, 'Ostudź szpinak.'),
('1bb0187f-0759-4d62-b6fe-218083f2c547', 8, 'Nastaw piekarnik na 180 stopni.'),
('1bb0187f-0759-4d62-b6fe-218083f2c547', 9, 'Jajka roztrzep widelcem i wymieszaj ze szpinakiem, dodaj'),
('1bb0187f-0759-4d62-b6fe-218083f2c547', 10, 'rozdrobnioną mozzarellę.'),
('1bb0187f-0759-4d62-b6fe-218083f2c547', 11, 'Przelej łyżką masę serowo-szpinakową do foremek na muffinki'),
('1bb0187f-0759-4d62-b6fe-218083f2c547', 12, 'Piecz przez 20 minut'),
('6e897b94-3530-4b4e-9655-3034b6d57dcc', 1, 'Aby przygotować ciasto, wysyp mąkę, dodaj jajko oraz olej kokosowy, a także'),
('6e897b94-3530-4b4e-9655-3034b6d57dcc', 2, 'proszek do pieczenia i sól. Wyrabiaj ciasto, dodając wodę, aż nie będzie się rozsypywało'),
('6e897b94-3530-4b4e-9655-3034b6d57dcc', 3, 'Ciasto wyłóż do formy na tartę pozostawiając wysokie brzegi.'),
('6e897b94-3530-4b4e-9655-3034b6d57dcc', 4, 'Nakłuj widelcem i włóż do piekarnika nagrzanego na 180 stopni na 15 minut.'),
('6e897b94-3530-4b4e-9655-3034b6d57dcc', 5, 'Cukinię pokrój w cienkie plastry i podduś w małej ilości wody. Dopraw solą i pieprzem .'),
('6e897b94-3530-4b4e-9655-3034b6d57dcc', 6, 'W misce wymieszaj jogurt z jajkami oraz parmezanem.'),
('6e897b94-3530-4b4e-9655-3034b6d57dcc', 7, 'Dodaj posiekaną dymkę, przeciśnięty przez praskę czosnek'),
('6e897b94-3530-4b4e-9655-3034b6d57dcc', 8, 'i przyprawy – bazylię, oregano, sól, pieprz oraz szczyptę gałki'),
('6e897b94-3530-4b4e-9655-3034b6d57dcc', 9, 'muszkatołowej.'),
('6e897b94-3530-4b4e-9655-3034b6d57dcc', 10, 'Wyjmij ciasto z piekarnika, wylej na nie masę jogurtową.'),
('6e897b94-3530-4b4e-9655-3034b6d57dcc', 11, 'Na wierzch wyłóż cukinię i zapiekaj przez 30 minut.'),
('9b3775a5-444e-4da0-ae02-ac71bca117cf', 1, 'Zrób guacamole ugniatając Awokado, dodając, ząbek czosnku, sok z limonki, sól, pieprz.'),
('9b3775a5-444e-4da0-ae02-ac71bca117cf', 2, 'Jajka usmaż według upodobań na patelni.'),
('9b3775a5-444e-4da0-ae02-ac71bca117cf', 3, 'Chleb posmaruj serkiem guacamole, następnie na kromki połóż resztę składników.'),
('8358d494-8c44-45d7-ba75-02c93790fa70', 1, 'Z jajka mąki, mleka, wody zrób masę naleśnikową.'),
('8358d494-8c44-45d7-ba75-02c93790fa70', 2, 'Naleśniki usmaż na oliwie.'),
('8358d494-8c44-45d7-ba75-02c93790fa70', 3, 'Skyr wymieszaj z masłem orzechowym i słodzikiem, następnie nadziej masą naleśniki.'),
('8358d494-8c44-45d7-ba75-02c93790fa70', 4, 'Podawaj z ulubionymi owocami o niskim indeksie glikemicznym.'),
('84039ffa-d26c-4648-ac45-e8ad0c5f5f15', 1, 'Ryż ugotuj zgodnie z instrukcją.'),
('84039ffa-d26c-4648-ac45-e8ad0c5f5f15', 2, 'Pierś z kurczaka pokrój na kotlety i rozbij, następnie posyp przyprawami. (sól, pieprz, papryka)'),
('84039ffa-d26c-4648-ac45-e8ad0c5f5f15', 3, 'Kotlety smaż na 5g oliwy z oliwek. Na osobnej patelni podsmaż na reszcie oliwy przeciśnięty przez praskę czosnek, następnie dodaj szpinak i przyprawy. Smaż aż szpinak będzie miękki.'),
('84039ffa-d26c-4648-ac45-e8ad0c5f5f15', 4, 'Na usmażone kotlety wyłóż szpinak i pokrojone pomidory.'),
('4c62442d-fa84-45cd-a952-a1f221c4587d', 1, 'Cebulę drobno pokrój i podsmaż na maśle klarowanym.'),
('4c62442d-fa84-45cd-a952-a1f221c4587d', 2, 'Ziemniaki zetrzyj na tarce o grubych oczkach - następnie porządnie odciśnij z wody.'),
('4c62442d-fa84-45cd-a952-a1f221c4587d', 3, 'Do ziemniaków dodaj ostudzoną cebulę, sól, pieprz i jajko, następnie wymieszaj.'),
('4c62442d-fa84-45cd-a952-a1f221c4587d', 4, 'Placuszki piecz na rozgrzanej oleju na złoty kolor.'),
('4c62442d-fa84-45cd-a952-a1f221c4587d', 5, 'Z podanego przepisu powinno wyjść 6 średniej wielkości placków, na 2 placki połóż szynkę i starty ser, na kolejne 2 rozsmaruj po łyżce śmietany i posyp szczypiorkiem i ostatnie posmaruj guacamole i dodaj pokrojony pomidor.'),
('469010ce-6db7-4c29-9e32-c0ee04d9c7ae', 1, 'Cebulę pokrój w kostkę, czosnek przeciśnij przez praskę i przysmaż na patelni na rozgrzanej oliwie z oliwek (5g). Kurczaka pokrój w kostkę, gdy cebula będzie szklista wrzuć go na patelnię i dodaj przyprawy. (sól, pieprz i zioła prowansalskie). Gdy kurczak będzie złoty ściągnij go z palnika.'),
('469010ce-6db7-4c29-9e32-c0ee04d9c7ae', 2, 'Rozgrzej w garnku 5g oliwy z oliwek, wrzuć kaszę, posól i mieszaj 2 minuty. Po tym czasie wlej do kaszy bulion zrobiony w 3/4 szklanki gorącej wody. Gotuj pod przykryciem 5min.'),
('469010ce-6db7-4c29-9e32-c0ee04d9c7ae', 3, 'Cukinię, pomidora suszonego pokrój i wrzuć do garnka razem z kurkami, gotuj kolejne 10min. (Zamiast kurek możesz dodać inne grzyby leśne, jeśli grzyby są mrożone włóż je wcześniej do garnka i rozmroź podgrzewając w niskiej temperaturze)'),
('469010ce-6db7-4c29-9e32-c0ee04d9c7ae', 4, 'Do kaszy dodaj kurczaka z cebulką, wszystko dokładnie wymieszaj.'),
('9851acd1-37fd-4832-99a0-aad05f4f749f', 1, 'Do garnka wklej jedną szklankę mleka i wsyp kaszę jaglaną. Gotuj około 15 minut.'),
('9851acd1-37fd-4832-99a0-aad05f4f749f', 2, 'Ugotowaną kaszę jaglaną przełóż do miski, dodaj pół szklanki zimnego mleka, białko, kakao i słodzik - wszystko zblenduj na gładko.'),
('9851acd1-37fd-4832-99a0-aad05f4f749f', 3, 'Gotowy pudding przełóż do miski i podawaj ze świeżymi/mrożonymi malinami lub musem owocowym.'),
('5f670d30-6ef0-49e5-b6b4-b2e2791944ee', 1, 'W woku lub garnku podsmaż na delikatnie złoty kolor cebulę pokrojoną w piórka, następnie dodaj kurczaka pokrojonego w kostkę i przyprawy (sól pieprz, papryka ostra, papryka wędzona). Jeśli kurczak będzie delikatnie złoty dodaj przeciśnięty przez praskę czosnek i paprykę pokrojoną w kostkę. Po 5 minutach smażenia wlej bulion zrobiony w jednej szklance wody (najlepiej smakuje z bulionem na żeberkach) i 200g passaty pomidorowej. W tym samym czasie na innej patelni na 5g masła podsmaż grubo pokrojone pieczarki.'),
('5f670d30-6ef0-49e5-b6b4-b2e2791944ee', 2, 'Do gotującego się strogonowa wrzuć podsmażone pieczarki i opcjonalnie kilka kawałków cukini, gotuj około 10 min.'),
('5f670d30-6ef0-49e5-b6b4-b2e2791944ee', 3, 'Po 10 minutach dodaj zasmażkę aby zagęścić sos. (Na suchą patelnię wrzuć łyżkę mąki pszennej - jak zacznie zmieniać kolor na złoty dodaj pozostałe 10g masła i mieszaj)'),
('5f670d30-6ef0-49e5-b6b4-b2e2791944ee', 4, 'Danie podawaj z chlebem pełnoziarnistym. (Można dać chleb do piekarnika na 2min w 200*C aby był ciepły i delikatnie chrupiący)'),
('4bffcf35-f4a2-432d-a5b1-53e5ed0fc8e3', 1, 'Ugotuj ryż według instrukcji na opakowaniu.'),
('4bffcf35-f4a2-432d-a5b1-53e5ed0fc8e3', 2, 'Serek wiejski przełóż do miski, dodaj białko, słodzik i ryż a następnie dokładnie wymieszaj.'),
('4bffcf35-f4a2-432d-a5b1-53e5ed0fc8e3', 3, 'Do mieszanki dodaj świeże lub rozmrożone owoce (możesz zrobić też mus blendując wcześniej owoce) i orzechy.'),
('231243aa-9dc4-4213-8ad1-457764e2381e', 1, 'Ugotuj ryż według instrukcji na opakowaniu.'),
('231243aa-9dc4-4213-8ad1-457764e2381e', 2, 'Na rozgrzanej oliwie przysmaż kurczaka pokrojonego w kawałki (dodaj sól i pieprz) - gdy zrobi się biały dodaj na patelnię szynkę parmeńską pokrojoną w średniej wielkości paski. Gdy kurczak będzie złocisty, ściągnij patelnię z palnika.'),
('231243aa-9dc4-4213-8ad1-457764e2381e', 3, 'Mleko wlej do garnka i dodaj pokrojoną w kawałki gorgonzolę (lub inny blue cheese o podobnych wartościach odżywczych). Dodaj sól i pieprz według uznania. Poczekaj aż ser się rozpuści, a sos delikatnie się zredukuje i zagęści.'),
('231243aa-9dc4-4213-8ad1-457764e2381e', 4, 'Przełóż do gotowego sosu kurczaka z szynką, ryż i kilka kawałków pomidorów. Wszystko wymieszaj.'),
('231243aa-9dc4-4213-8ad1-457764e2381e', 5, 'Podawaj z pomidorami.');

COMMIT;